1,40ed42ee136ada8b-700c3aabf4f8c920,2,先知_电子设备_电子狗,,
1,7d7cd0e693deca3d-bc41999261409cb0,3,先知_电子设备_电子狗,,
1,5e03c61a6f1a9d38-b04279cd2b9a62a0,3,先知_电影_概况,,
1,a349a771c78a71a2-b9f42f71826112e0,3,先知_电影_观看,,
1,ed98914301e0e685-49233dcc13ea97b0,2,,,
1,b550caefe4d8e418-397ecdc917dc6fa0,2,,,
1,b2235f2b4f730b50-a56f7c2740946b80,2,,,
1,f722d75eee6ada8b-700c3aabf4f8c920,2,先知_电子设备_电子狗,,
1,664aeff014e01553-23c4625204240a80,3,先知_电影_概况,,
1,d128fb5833e2bc90-a0907783d4cca6e0,3,,,
1,fa1b9354c6e55678-c8cedff4c7e54840,3,先知_电影_概况,,
1,4ce107af9553150d-dda5d9a362314a50,3,先知_电影_概况,先知_电影_观看,先知_电影_演员
1,768ce7df638a71a2-b9f42f71826112e0,3,先知_电影_观看,,
1,4c01c112a8a14500-3acba1d3f6796af0,3,,,
1,87b104e00d96e7fd-cb94518d1d1ceeb0,2,,,
1,5ada074f7ab8272f-23f279cd2b9a62a0,3,先知_电影_概况,,
1,05bc9d0765df291a-0b9f9b1c833f8090,3,先知_电影_观看,,
1,33664ef4a302fbe9-fed3b2f25faaa3b0,2,,,
1,a07f8486f28839d0-771518c1b65b2e00,3,先知_电子设备_电子狗,,
1,944840cbc8b90544-2fc4a0a4d92975d0,2,,,
1,b286d3c0e92ce802-c57c2b0be1972ab0,2,先知_游戏_dota,,
1,96f03de0d97ff9db-b980e187ff1435c0,2,,,
1,92ca43790a8b5b26-07f4140205b4ad90,2,,,
1,d1a0fc19bf97b3e0-6d342f71826112e0,3,先知_电影_观看,,
1,fd492af2ca0547bb-81b9711627703840,2,,,
1,4603a654eda14500-3acba1d3f6796af0,2,,,
1,9117bb65da325658-d1579ae6aafcaad0,2,,,
1,39e0a14bc4d51e90-75521245fd3b7e10,2,先知_电影_概况,,
1,f3c970b8da07a8e3-af15a06e65798ba0,2,,,
1,80385c06580547bb-81b9711627703840,2,,,
1,c08b4a1dcb089707-c248ff00b3131c40,3,,,
1,a396f139bdcfcf27-e2e645303e2fbfc0,2,先知_电影_观看,,
1,2fa309745097b3e0-6d342f71826112e0,3,先知_电影_观看,,
1,ea88a34d276ada8b-700c3aabf4f8c920,2,先知_电子设备_电子狗,,
1,ded0d0c536d58a21-cc5b08b8589522b0,2,先知_电子设备_电子狗,,
1,9315888be037a5a8-973279cd2b9a62a0,3,先知_电影_概况,,
1,bca1fdfd450547bb-81b9711627703840,2,,,
1,b1e237ab19d58a21-cc5b08b8589522b0,2,先知_电子设备_电子狗,,
2,fc9d8b8897689628-398c3dcbf4e62750,3,波斯猫_动物_资料,,
2,b15a65af1d779986-0cced0ca11e10ba0,3,波斯猫_音乐_歌词,波斯猫_音乐_she,
2,cf252b34099a8b23-8fd16ef787d3e6d0,2,,,
2,4f8d5f6b66f2996b-f56a4ed75d67b130,3,波斯猫_视频_在线,波斯猫_动物_资料,
2,48be94de832c0d88-da60e5341c058300,3,波斯猫_动物_资料,波斯猫_动物_图片,
2,928eb440a59a8b23-8fd16ef787d3e6d0,3,,,
2,b1cc80493c9a8b23-8fd16ef787d3e6d0,3,,,
2,beb2b7f584618766-9646aa0461010f60,2,波斯猫_音乐_she,波斯猫_音乐_歌曲,
2,4fd18806959a8b23-8fd16ef787d3e6d0,3,,,
2,c525a3f57c16af63-c59bae1c982bfef0,3,波斯猫_动物_资料,,
2,d5dbbd6664618766-9646aa0461010f60,2,波斯猫_音乐_she,波斯猫_音乐_歌曲,
2,e739769c2bd1ce3b-1019ff642c6e0d20,3,波斯猫_视频_在线,波斯猫_音乐_she,
2,e314a3e709f175b8-8d91a19e963044c0,3,波斯猫_音乐_she,波斯猫_音乐_歌曲,波斯猫_音乐_歌词
2,8287cebbe9bd2673-39fe9ad4130ad5f0,3,波斯猫_动物_资料,波斯猫_动物_图片,
2,28b84c00f61c99c3-a5fac8e29258de00,3,波斯猫_动物_图片,波斯猫_动物_价格,波斯猫_动物_资料
2,dbc570c6e4db50e1-d9a6f5fe4989e570,2,,,
2,1fc6dc82e18a972e-5aa07783d4cca6e0,3,,,
2,fa46765055931579-e620dcdea2ef2f60,2,,,
2,49e508d82e56bfdc-b70114b0482b5830,2,波斯猫_音乐_she,波斯猫_音乐_歌曲,
2,ecd5592d50508342-d4da161e98a8a840,3,,,
2,a4b464f17255866b-6576cbc8efac22c0,3,,,
2,c3f02055cbb141c5-ac3bae1c982bfef0,2,波斯猫_动物_图片,波斯猫_动物_资料,
2,341dbcb5ad9b309f-01b0dcdea2ef2f60,3,波斯猫_动物_资料,,
2,db2faeae8815f87f-5b3e9ad4130ad5f0,3,波斯猫_动物_资料,波斯猫_动物_图片,
2,c7bcad15819a8b23-8fd16ef787d3e6d0,3,,,
2,e095fe85011c99c3-a5fac8e29258de00,3,波斯猫_动物_图片,波斯猫_动物_价格,波斯猫_动物_资料
2,229f851ba47ede3d-098266141ef3c980,2,波斯猫_视频_mv,,
2,5ae5aac579c86b8f-7deac9cc51c1c180,3,,,
2,7c117b019938cfb3-fb6e9ad4130ad5f0,2,波斯猫_动物_资料,波斯猫_动物_图片,
2,fc65d858873212d0-2ecdaa0c03222580,2,,,
2,d549c7b5987741d4-9e31abb08b057450,2,波斯猫_音乐_she,波斯猫_音乐_歌曲,
2,b6e93a9666f7fd63-a9f0f196cac00860,2,,,
3,80a05424df458564-ae06346dd53d2660,3,猫头鹰_动物_保护动物,,
3,e39ac5b00fda2142-69713306c0bb3300,3,猫头鹰_动物_图片,猫头鹰_动物_保护动物,
3,21a44c86856aea9a-751f7cc63ab9ca20,3,,,
3,9a4b8edd4b5fa42a-afe7533a23a59330,3,,,
3,d1f7e38ed12a941c-4d9bda3d7c3ac110,3,猫头鹰_动物_知识,,
3,344df821cef2996b-f56a4ed75d67b130,3,猫头鹰_动物_图片,猫头鹰_动物_保护动物,
3,8c75abaea2555ed3-fe3fc083219e5370,3,,,
3,c499788bb689a112-5c63e3792c9512d0,3,猫头鹰_电影_猫头鹰与小飞象,,
3,1b5844a900f57c37-6f7a4ed75d67b130,3,猫头鹰_动物_图片,猫头鹰_电影_猫头鹰,
3,42510b6876b2398c-4ca989f66db6f2d0,3,猫头鹰_电影_猫头鹰与小飞象,,
3,c41fac02eb64609a-a674aec0a46c4f90,3,,,
3,96c574b96d6aea9a-751f7cc63ab9ca20,3,,,
3,0508ad944e759c9c-92c5c177ab6cc660,3,猫头鹰_动物_图片,,
3,eabbdde695759c9c-92c5c177ab6cc660,3,猫头鹰_动物_保护动物,,
3,bb8e25db87f57c37-6f7a4ed75d67b130,3,,,
3,9b85875009182574-21463d8035aaf430,3,猫头鹰_动物_知识,,
3,c2194e8d1a6dda15-ecf13306c0bb3300,3,,,
3,2e316c2f30ef9281-d1c5d9a362314a50,3,猫头鹰_动物_知识,猫头鹰_动物_图片,猫头鹰_动物_保护动物
3,7bc7a44a01a1d4a3-93f3746e0bc3b710,3,猫头鹰_电影_猫头鹰与小飞象,,
3,f77d2c8486200cea-31d46eb4d95688f0,3,猫头鹰_动物_保护动物,,
3,2dba72d8681bfdb9-c5a4be51fd57b140,3,,,
3,8c6c1e6acff57c37-6f7a4ed75d67b130,3,猫头鹰_电影_猫头鹰与小飞象,,
3,fb40ecffe2ba7d21-dde9257fc6b43e00,3,猫头鹰_动物_知识,猫头鹰_动物_保护动物,
3,b19c03936d05d5a5-309908a255a73ab0,3,猫头鹰_动物_知识,猫头鹰_动物_图片,猫头鹰_动物_保护动物
3,f006d96745943ffa-acaf32f06cef7000,3,猫头鹰_动物_知识,,
3,59b84cac609ea5ae-5a0e9ee9dc2130b0,3,,,
3,5823e05a9719e659-20c4518d1d1ceeb0,3,,,
4,0bbddd6a1990f8fa-c3a8d8b23963c630,3,adobe_软件_photoshop,adobe_软件_下载,adobe_网站_官网
4,56230f1478ef0aaf-16fccf49dc78a820,3,adobe_软件_premiere,adobe_网站_介绍,
4,da16d2b5d290f8fa-c3a8d8b23963c630,3,adobe_软件_photoshop,adobe_软件_reader,adobe_软件_lightroom
4,54efb3d922b37f7d-362d755b6faba1c0,3,adobe_软件_下载,adobe_软件_flashplayer,
4,ca6c64b5e357e84b-e6a426ac081c41b0,3,adobe_软件_reader,adobe_软件_下载,
4,3172b022eaca3b81-fb71c51880ecadb0,3,adobe_软件_下载,,
4,9088b46fcae65173-a8696882271235c0,3,adobe_软件_下载,,
4,4135c171c127314f-6e0deb019cdf1570,3,adobe_软件_flashplayer,adobe_软件_下载,
4,b3f17560750b8f97-4c8654bf36a86ac0,3,,,
4,e9c7e8a0e0818b9e-5f3ccd1179b31b50,3,adobe_软件_reader,adobe_软件_下载,
4,5838b88bbb0b8f97-4c8654bf36a86ac0,3,,,
4,49f2a1cc70ef033d-b4efc083219e5370,3,,,
4,d62c194cb590f8fa-c3a8d8b23963c630,3,adobe_软件_reader,,
4,b5a33f266357e84b-e6a426ac081c41b0,3,adobe_软件_flashplayer,adobe_软件_下载,
4,281f03c19e90f8fa-c3a8d8b23963c630,3,adobe_软件_photoshop,,
4,a6d683f96aa54e60-2eafc083219e5370,3,,,
4,fe712f00fd7b2a96-54941ce2727616e0,3,adobe_软件_photoshop,,
4,7a42cfbcff2c960c-573552140339f1d0,3,adobe_软件_photoshop,adobe_软件_下载,
4,d26416573dda10fd-07ef6b82d3250a20,3,adobe_网站_介绍,,
4,494fe7449590f8fa-c3a8d8b23963c630,3,,,
4,0d80310c9fe1dc43-01f07783d4cca6e0,3,adobe_软件_photoshop,adobe_软件_产品试用,
4,b46b628e9f9a712b-2367a380aa62a370,3,,,
4,6587c39ed49c492a-e69742b2f7822420,3,adobe_软件_flashplayer,adobe_软件_下载,
4,926360d3ed4bd9e5-e39d375310e2db80,3,,,
4,41cb530430d23ff7-13a654bf36a86ac0,3,adobe_软件_photoshop,,
4,df498323bc57e84b-e6a426ac081c41b0,3,adobe_软件_flashplayer,adobe_软件_下载,
4,48b840ca2290f8fa-c3a8d8b23963c630,3,,,
4,9b567f632dc6f758-0888d8b23963c630,3,adobe_网站_官网,,
4,b13feccbbd0274d0-74196882271235c0,3,,,
4,83446f75c8ef033d-b4efc083219e5370,3,adobe_软件_reader,adobe_软件_下载,
4,99715bbc3a0b8f97-4c8654bf36a86ac0,3,adobe_网站_官网,,
4,537d36a53390f8fa-c3a8d8b23963c630,3,,,
4,16bb16ae3c898bee-8289b4b697dbb1f0,3,adobe_软件_reader,adobe_软件_下载,
4,907b32c1aa124543-687e80ca75255930,3,adobe_软件_reader,adobe_软件_下载,
4,af0aa7d04827314f-6e0deb019cdf1570,3,adobe_软件_reader,adobe_软件_下载,
4,675afdfbb3b9d4d9-fb01999261409cb0,3,adobe_软件_photoshop,adobe_软件_下载,
4,738a8a3a48b9d4d9-fb01999261409cb0,3,adobe_软件_flashplayer,adobe_软件_下载,
4,7fbc79145ee65173-a8696882271235c0,3,adobe_软件_photoshop,,
4,72377310fb41e933-511d375310e2db80,3,adobe_软件_reader,,
4,222711dabb2c960c-573552140339f1d0,3,adobe_软件_premiere,adobe_软件_下载,
4,0e4f9b38fbef0aaf-16fccf49dc78a820,3,adobe_软件_premiere,,
4,dd3e7fad17b9d4d9-fb01999261409cb0,3,adobe_软件_reader,adobe_软件_下载,
4,46f6b2a73141e933-511d375310e2db80,3,adobe_软件_reader,,
4,958fd4d1ebb9d562-b2890540b827b540,3,,,
4,ba9603fcac82cfd1-49a85d80e8b71700,3,,,
4,d0951264890b8f97-4c8654bf36a86ac0,3,,,
4,85226f5d1590f8fa-c3a8d8b23963c630,3,,,
4,a0bdbfad9890f8fa-c3a8d8b23963c630,3,adobe_软件_photoshop,,
4,d2714300df306b15-711ada38e87d4550,3,,,
4,f38ca3d874c77d05-f0f8d8b23963c630,3,,,
4,bd8a38b3db2c960c-573552140339f1d0,3,adobe_软件_photoshop,adobe_软件_下载,
4,6e0f576d97a1699f-4131999261409cb0,3,adobe_软件_premiere,,
4,f47d6b77e59f46c7-6f1af84c9ab36b70,3,,,
4,b5d056797a1b5ea1-212186939250a800,3,,,
5,c8cd878db9cc9bcf-a6613306c0bb3300,3,,,
5,99c5c519bb089707-c248ff00b3131c40,3,,,
5,b3c4251c3d759c9c-92c5c177ab6cc660,3,传奇_电视节目_传奇视频,,
5,25944e2811fb595d-0934bc69bb717d50,3,传奇_游戏_传奇,,
5,d57b943229fc764c-be8621f6dac6ee50,3,传奇_游戏_传奇,,
5,f8e4e8cadc782feb-cb883693dcc450f0,3,传奇_电视节目_电视剧,传奇_电视节目_传奇,
5,aa7c8dae82e9b51b-28a8be8b05782380,3,,,
5,a3ddb03a27b81c4c-ee588fe0c23445b0,3,,,
5,de5f905ab855781b-cf023af0cc946ef0,3,传奇_电视节目_电视剧,,
5,d3621cb2b389eed4-f5018d2e3e357460,3,,,
5,95bb0039423d9080-826f6dcee575a670,3,传奇_电视节目_电视剧,,
5,c884af4c29c137ea-dc3e0f3eeda11d10,3,传奇_游戏_传奇世界,,
5,70347b4eb96cf772-80429576244c9da0,3,传奇_游戏_传奇世界,,
5,be8c541445c7a24d-de426b54fdf6f6b0,3,传奇_电视节目_电视剧,,
5,bc2e3e6a10ba3d9b-3201b5f7a8c4a880,3,,,
5,e64abf2207ab5576-ff607783d4cca6e0,3,传奇_电视节目_传奇视频,,
5,fb28b618210307c7-e9cd47045b61d170,3,,,
5,799c1e33101aee28-f03daf0a0e099d50,3,,,
5,b565283ad44cee49-f0714077d6d90210,3,传奇_小说_小兵传奇,,
5,45ace2db3d759c9c-92c5c177ab6cc660,3,传奇_电视节目_电视剧,传奇_电视节目_传奇视频,
5,d5d7d692f1b81c4c-ee588fe0c23445b0,3,传奇_游戏_传奇,,
5,4abfb97f626b9221-166a7ce38b37dd90,3,,,
5,9d1c8ea2b9759c9c-92c5c177ab6cc660,3,传奇_电视节目_传奇视频,传奇_电视节目_电视剧,
5,94dce16c7c759c9c-92c5c177ab6cc660,3,传奇_电视节目_传奇视频,传奇_电视节目_电视剧,
5,0ea54b17dd731834-ad7908a255a73ab0,3,传奇_歌曲_演唱者,,
5,df709df17a759c9c-92c5c177ab6cc660,3,传奇_电视节目_传奇视频,,
5,80825627d5714341-3d807783d4cca6e0,3,传奇_电视节目_传奇视频,,
5,dbdcfbf8a09de00e-7b9407615f70b1e0,3,传奇_小说_网游小说,,
5,94fc280d91a94281-38059e1d8548f100,3,传奇_游戏_传奇,,
5,54b56b7859c137ea-dc3e0f3eeda11d10,3,传奇_游戏_传奇世界,,
5,625e30c3cfd8dd04-bcb13306c0bb3300,3,传奇_电视节目_电视剧,,
5,debc8feada759c9c-92c5c177ab6cc660,3,传奇_电视节目_传奇视频,传奇_电视节目_电视剧,
5,a5dc3d5cd2c1aa73-2caff89a0c90c870,3,传奇_游戏_传奇,,
5,468829ddb2d9f2f0-cf542f71826112e0,3,传奇_电视节目_传奇视频,,
6,9d85b4d542a61d9a-ea9f7c2740946b80,3,,,
6,8ad0d7d0ae0547bb-81b9711627703840,3,,,
6,90e8d687870c3e9e-15abb453c02f3950,3,小米_食物_谷物,小米_食物_功效,
6,fbf574df25ee5c89-933f7c2740946b80,3,,,
6,138d2cf4183a7627-eb692d10d79c3c60,3,,,
6,d934b5522a101fbc-280ac8e29258de00,3,小米_手机_购买,,
6,874ae4c7c4eefad2-59fac8e29258de00,3,,,
6,ebc52661f9730b50-a56f7c2740946b80,3,,,
6,d2403043e4cbd3b6-3dff61542a01b030,3,,,
6,db19203611a2933d-e007b5dd64944a60,3,,,
6,8362620dbeee5c89-933f7c2740946b80,3,,,
6,b7d2d3ff9bcd7d28-4cd5d9a362314a50,3,小米_食物_谷物,小米_食物_功效,小米_食物_对比
6,d063b67e9562d27d-c9b5d9a362314a50,3,,,
6,985d039926762f4d-633ec09b48413a10,3,,,
6,9dd62ec4610547bb-81b9711627703840,3,,,
6,c2bf083ed8eefad2-59fac8e29258de00,3,小米_手机_购买,,
6,e413a1c35bb9a62f-18c654bf36a86ac0,3,,,
6,bd036fe1b1c37db1-71d7c58cac74bcb0,3,,,
6,cfed0fefdc842da3-37b8db38544586b0,3,小米_食物_小米粥,小米_食物_功效,小米_食物_营养价值
6,e230eb8a593a8fb7-875ac8e29258de00,3,小米_手机_购买,,
6,ce8ebffb070ddb95-86907783d4cca6e0,3,,,
6,eac0c78b51730b50-a56f7c2740946b80,3,,,
6,9669867fb5089707-c248ff00b3131c40,3,,,
6,87a490b28ada2142-69713306c0bb3300,3,小米_食物_功效,,
6,c5329102eaa61d9a-ea9f7c2740946b80,3,,,
6,98f11994df891c59-3db871182f99caf0,3,小米_食物_谷物,小米_食物_功效,
6,20d3f42a4ec3593a-9887993e65081d10,3,小米_食物_功效,,
6,e249cb88e3b3154d-36f4219afc365f50,3,,,
7,cd332958800710d6-be5fd73cac91efb0,3,中国水电_公司_中国水利水电建设集团公司,,
7,390c7956219ae9be-9b5f0d4d65c69d30,3,中国水电_公司_中国水电网,,
7,94c16e2613205cf3-c2c187e55c70c7b0,3,,,
7,d6e47d3923d35f8b-1b87234191af8660,3,,,
7,a9e4aa9fa28f905b-9f61a869d923b5c0,3,中国水电_公司_中国水电站,,
7,d982ca7f0887f8a0-9c604aa373ed9fb0,3,,,
7,4e1aaefeaabc991b-1d37feab9a4e5770,3,,,
7,a75327f78649275b-4403b217eb7e5460,3,,,
7,eb7b7ccecf4ee4c6-fe9f32f06cef7000,3,,,
7,7db80586e6584c79-2efd3d7a45b3c780,3,中国水电_公司_中国水利水电建设集团公司,,
7,58242a997fb842a9-9a2b143a4aed4040,3,中国水电_公司_中国水利水电建设集团公司,,
7,4c9a0a3793bc61a0-785467076fb3d3d0,3,,,
7,bf8605934cdeb11f-aced246cacd0f9b0,3,,,
7,80b8eb08efc88822-7000507500c63490,3,中国水电_公司_中国水电站,,
7,c5efd532c9ed067c-fc985dc98b0bd080,3,中国水电_公司_中国水利水电工程局分公司,,
7,93c91a3476f243c0-36d84040228d0fe0,3,,,
7,91047cdba5d8e63e-0fa0f7441a59b550,3,中国水电_公司_中国水利水电建设集团公司,中国水电_公司_中国水电网,
7,daf6b5dd80a51de9-1d30696868362ad0,3,中国水电_公司_中国水电站,,
7,e0dd19ab69a30ff3-63b607ff44845110,3,,,
7,8d3ce5d1fd30270d-e5279379fa840190,3,中国水电_公司_中国水利水电建设集团公司,,
7,329b0c07c032d994-147a5e3b84342ec0,3,,,
7,94cc3e68cff564ab-aae3c1f1f9e7b200,3,中国水电_公司_中国水利水电建设集团公司,,
7,805e1e51237126b0-a3efd73cac91efb0,3,中国水电_公司_中国水利水电建设集团公司,,
7,afd4d6f136a98ff1-cf4d06c462f3c8e0,3,,,
7,dc91acb546bad598-3f395db1b258fe20,3,中国水电_公司_中国水利水电建设集团公司,,
7,f488da93a612f8d8-eaf2f51e1ef82a40,3,中国水电_公司_中国水电站,,
7,257463cf77c2b72a-aa3a66c7aab3bef0,3,中国水电_公司_中国水利水电建设集团公司,,
7,2a198935ebc7b83e-0dae22ae99249b90,3,,,
7,f10dd01b090b35fe-3f7160a979394620,3,中国水电_公司_中国水利水电建设集团公司,,
7,dbd7466907205cf3-c2c187e55c70c7b0,3,,,
7,97306102d528c757-1b3eefc865b1f140,3,中国水电_公司_中国水利水电工程局分公司,,
7,a27132fed894524a-6109773ba3f16720,3,中国水电_公司_中国水利水电工程局分公司,,
7,824bacfc17fcfc2d-b56f0d4d65c69d30,3,中国水电_公司_中国水利水电工程局分公司,中国水电_公司_中国水利水电建设集团公司,
7,d1c764c3127c8fa8-0f88af67de86e170,3,中国水电_公司_项目,,
8,a633995cc03a721c-3a49597c4b566ca0,3,云轩_网站_云轩阁小说网,,
8,856503b1533a721c-3a49597c4b566ca0,3,云轩_网站_云轩阁小说网,,
8,d54c95c497525a58-216797e0ceb47fc0,3,,,
8,1d368ea0b7c37db1-71d7c58cac74bcb0,3,,,
8,9cb78359d0f1d9df-dd64507ebe16e130,3,,,
8,bdc02cc7dec37db1-71d7c58cac74bcb0,3,,,
8,0f6af8eb1fc37db1-71d7c58cac74bcb0,3,,,
8,9a6f48134a3a721c-3a49597c4b566ca0,3,云轩_网站_云轩阁小说网,,
8,2f652c9dea3a721c-3a49597c4b566ca0,3,云轩_网站_云轩阁小说网,,
8,f6f333834bc37db1-71d7c58cac74bcb0,3,,,
8,e7468c88d6f1d9df-dd64507ebe16e130,3,,,
8,b8fcaccb0e525a58-216797e0ceb47fc0,3,,,
8,a166060dc23a721c-3a49597c4b566ca0,3,云轩_网站_云轩阁小说网,,
8,f91fd8776ec37db1-71d7c58cac74bcb0,3,,,
8,d91e797eccc37db1-71d7c58cac74bcb0,3,,,
8,e3c84f3c80c37db1-71d7c58cac74bcb0,3,,,
8,d440f98d013a721c-3a49597c4b566ca0,3,云轩_网站_云轩阁小说网,,
8,91b94e71a53a721c-3a49597c4b566ca0,3,云轩_网站_云轩阁小说网,,
8,d6a15a6726f0e2d6-34ace00653fb0370,3,,,
8,622a3cc69e3a721c-3a49597c4b566ca0,3,云轩_网站_云轩阁小说网,,
8,bc6997e8191f3080-a427c58cac74bcb0,3,,,
8,7dfda708773a721c-3a49597c4b566ca0,3,云轩_网站_云轩阁小说网,,
8,a7bd7da6573a721c-3a49597c4b566ca0,3,,,
8,25211eae4c3a721c-3a49597c4b566ca0,3,云轩_网站_云轩阁小说网,,
8,4042d9b3d43a721c-3a49597c4b566ca0,3,云轩_网站_云轩阁小说网,,
8,69c4d5e59cc37db1-71d7c58cac74bcb0,3,,,
8,f8736ed2fbee5c89-933f7c2740946b80,3,,,
8,f06598af223a721c-3a49597c4b566ca0,3,云轩_网站_云轩阁小说网,,
8,9ff342a46cc37db1-71d7c58cac74bcb0,3,,,
8,8496fdee1e3a721c-3a49597c4b566ca0,3,云轩_网站_云轩阁小说网,,
8,164dcf1bd23a721c-3a49597c4b566ca0,3,云轩_网站_云轩阁小说网,,
8,a5914fe12a3a721c-3a49597c4b566ca0,3,云轩_网站_云轩阁小说网,,
8,e8bb5938fec46c77-88af56d8d0af5320,3,,,
8,ec838dbc0f3a721c-3a49597c4b566ca0,3,云轩_网站_云轩阁小说网,,
8,8387bbbaee3a721c-3a49597c4b566ca0,3,云轩_网站_云轩阁小说网,,
8,101961e550c37db1-71d7c58cac74bcb0,3,,,
8,a4b5eb37873a721c-3a49597c4b566ca0,3,云轩_网站_云轩阁小说网,,
8,a5dbb05fdfa61d9a-ea9f7c2740946b80,3,,,
8,6ce3723e463a721c-3a49597c4b566ca0,3,云轩_网站_云轩阁小说网,,
8,9405ea5a5fc37db1-71d7c58cac74bcb0,3,,,
8,69655cde673a721c-3a49597c4b566ca0,3,云轩_网站_云轩阁小说网,,
8,514b88622dc46c77-88af56d8d0af5320,3,,,
8,cb8b8af47cc37db1-71d7c58cac74bcb0,3,,,
8,a9a2129cbc8f5162-50ec13aa56b26490,3,,,
8,ea267289f0214e61-200f5253bd8dca20,3,,,
8,b9ebcd5b18c37db1-71d7c58cac74bcb0,3,,,
8,fb0490bf713a721c-3a49597c4b566ca0,3,云轩_网站_云轩阁小说网,,
8,386acaaced3a721c-3a49597c4b566ca0,3,云轩_网站_云轩阁小说网,,
8,a92cb504f3730b50-a56f7c2740946b80,3,,,
8,f1337ed30ab90544-2fc4a0a4d92975d0,3,,,
8,b0bb5bd8bb3a721c-3a49597c4b566ca0,3,云轩_网站_云轩阁小说网,,
9,490bb4cb90ff1a8d-b919f530080e78f0,3,遮天_小说_遮天,,
9,95abbc339a10a6d0-d217bf7f78270620,3,遮天_小说_遮天,,
9,5f48ade606542af5-91b7502fef4d2600,3,遮天_小说_遮天,,
9,d1c0fe44d3054372-6712b1f53d6e9350,3,遮天_小说_医手遮天,,
9,e29bf722e0054372-6712b1f53d6e9350,3,遮天_小说_遮天,,
9,12689277142e0cf7-9877a6c6a214d490,3,遮天_小说_遮天,,
9,f26e1d77c5a597f4-6d1493481ab18d00,3,,,
9,02e44176e5054372-6712b1f53d6e9350,3,,,
9,f203fd7c9213289f-01b50d553386e140,3,遮天_小说_遮天,,
9,a3c587791075874d-8fb7f12a747123e0,3,,,
9,f950aa0606c19e5e-bfb7bf7f78270620,3,遮天_官网_小说官网,,
9,6f3f6c54db43114c-45f379ae5522f410,3,,,
9,db4a93e3f759701b-def87262b803c570,3,,,
9,b727145b99c19e5e-bfb7bf7f78270620,3,遮天_官网_小说官网,,
9,413b89ddc65412ca-f4dbbb8ee13998f0,3,遮天_官网_小说官网,,
9,e1be0e627389b8c3-1c98d55d7159c650,3,,,
9,95491b3932c19e5e-bfb7bf7f78270620,3,遮天_官网_小说官网,,
9,e134564c4e10a6d0-d217bf7f78270620,3,遮天_官网_小说官网,,
9,e202926a62c19e5e-bfb7bf7f78270620,3,遮天_官网_小说官网,,
9,3421f22521c37db1-71d7c58cac74bcb0,3,,,
9,da80d80fa5c19e5e-bfb7bf7f78270620,3,遮天_官网_小说官网,,
9,e461683956fcfc79-947c1a274a3687f0,3,,,
9,f0eeb2cdcec19e5e-bfb7bf7f78270620,3,遮天_官网_小说官网,,
9,a76bc00324c19e5e-bfb7bf7f78270620,3,遮天_官网_小说官网,,
9,e07ef3483f943d2c-2d4d1b4a854bed30,3,遮天_小说_遮天,,
9,88dd6a5a9fc19e5e-bfb7bf7f78270620,3,遮天_官网_小说官网,,
9,e0593c6c79c37db1-71d7c58cac74bcb0,3,遮天_小说_遮天,,
9,b95eb05be0c19e5e-bfb7bf7f78270620,3,遮天_官网_小说官网,,
9,1353c1a80d2e0cf7-9877a6c6a214d490,3,遮天_小说_遮天,,
9,a3bd30307bc19e5e-bfb7bf7f78270620,3,遮天_官网_小说官网,,
9,cbdc6237032e0cf7-9877a6c6a214d490,3,遮天_小说_遮天,,
10,f85a328571359630-56907783d4cca6e0,3,舍得_歌词_流行歌曲,,
10,dac397bcca2c47e6-67f02d96600d4fa0,3,舍得_网站_官网,舍得_酒_介绍,舍得_歌词_流行歌曲
10,e6932ded61ec4d9b-e44680e2a36982c0,3,舍得_歌词_流行歌曲,,
10,577d36a990618766-9646aa0461010f60,3,舍得_歌词_流行歌曲,,
10,a732253f47e86ee0-7aef5008433eb7d0,3,舍得_网站_舍得网,,
10,919f1dc479836fd4-2e2aa326c2544f60,3,舍得_歌词_流行歌曲,,
10,89c933e6fe618766-9646aa0461010f60,3,舍得_歌词_流行歌曲,,
10,c33ceda8eeec4d9b-e44680e2a36982c0,3,舍得_歌词_流行歌曲,,
10,9f3da3d66f2c47e6-67f02d96600d4fa0,3,舍得_歌词_流行歌曲,,
10,4231bfc0f7904535-aa107783d4cca6e0,3,舍得_公司_四川沱牌酒业股份有限公司,,
10,48e0971779e86ee0-7aef5008433eb7d0,3,舍得_网站_舍得网,,
10,c7fc310d6b652f22-f8b48e1aec481c20,3,舍得_歌词_流行歌曲,,
10,9086f61a821d0aa9-ca492d10d79c3c60,3,,,
10,09f678bc88618766-9646aa0461010f60,3,舍得_歌词_流行歌曲,,
10,29e3e71b75f175b8-8d91a19e963044c0,3,舍得_歌词_流行歌曲,,
10,fd2efbfd3d0108a9-97a623a9d04ce5c0,3,舍得_歌词_流行歌曲,,
10,d78be2ea3f0d6d69-bdc8d8a11f1eb2d0,3,舍得_歌词_流行歌曲,,
10,ae990022d901f4c1-441ac8e29258de00,3,,,
10,f3e10a4bc1618766-9646aa0461010f60,3,舍得_歌词_流行歌曲,,
10,e76864d94f1b9b9c-b5a67e807d194ff0,3,舍得_歌词_流行歌曲,,
10,6884f68414904535-aa107783d4cca6e0,3,舍得_公司_四川沱牌酒业股份有限公司,,
10,d213862a79fbaa79-ac5fd2758bc84070,3,舍得_歌词_流行歌曲,,
10,cd93a6faa624c7ba-2393746e0bc3b710,3,舍得_歌词_流行歌曲,,
10,93b0f4769bfaff23-369eb597810aa470,3,舍得_歌词_流行歌曲,,
10,305bfb51c887c926-f2daae67cd511050,3,舍得_歌词_流行歌曲,,
10,86f662bc9284c33d-346c6e189c27c180,3,舍得_酒_价格,,
10,715b9704d5942213-e3044679165c4ed0,3,,,
10,7814ba8550d65192-d7d5d14cf5356380,3,,,
10,b6fe178111836fd4-2e2aa326c2544f60,3,舍得_歌词_流行歌曲,,
10,03f4d6d9934eb91c-71bf438662d4b8d0,3,舍得_歌词_流行歌曲,,
10,158353ce38a57d32-dfdf5008433eb7d0,3,舍得_网站_舍得网,,
10,ff6c1f138e50c265-7a4a6d51c007c4d0,3,舍得_酒_沱牌,舍得_酒_介绍,
10,82dc931f8f7863bb-19ff107ed8ff6410,3,舍得_歌词_流行歌曲,,
10,8c200293a5f14153-cffde547f18e19a0,3,舍得_歌词_流行歌曲,,
10,8ebc15f7578e9e25-32cbda3d7c3ac110,3,舍得_酒_沱牌,,
10,f05f317ad0fb1a82-a766e60228788510,3,,,
10,93a3827a822c0018-6573dab2c23d9950,3,舍得_歌词_流行歌曲,,
10,fb4209f94de86ee0-7aef5008433eb7d0,3,舍得_网站_舍得网,,
10,2e4f2ad5d51aafc2-e6107783d4cca6e0,3,,,
10,4fd08ca0eaed9d4f-b7513306c0bb3300,3,,,
10,3d35f62f4054077d-c3faae67cd511050,3,舍得_歌词_流行歌曲,,
10,7550fbe957ccd5c2-b14bda3d7c3ac110,3,舍得_酒_沱牌,,
10,927ae527dc2c47e6-67f02d96600d4fa0,3,舍得_歌词_流行歌曲,,
10,e7a23405a9692f01-c4263cb58ee2f830,3,舍得_酒_沱牌,,
10,f3fab26e5201a174-02ce628a7a84a7c0,3,舍得_歌词_流行歌曲,,
10,d3e3c9aacaa57d32-dfdf5008433eb7d0,3,舍得_网站_舍得网,,
10,f2493e37852c6a03-5e2949a088ff2ae0,3,舍得_歌词_流行歌曲,,
10,9a5b71a2ef8a5707-0afef45c63af8a10,3,舍得_歌词_流行歌曲,,
10,d1234b81f200ea58-61dac8e29258de00,3,,,
10,f0d35fe1ade82893-a1a8be8b05782380,3,,,
10,ef1ed0be54ba3f4f-18e1e9d7502e4e40,3,舍得_歌词_流行歌曲,,
10,4a478654f0618766-9646aa0461010f60,3,舍得_歌词_流行歌曲,,
10,8c8057fb56692f01-c4263cb58ee2f830,3,舍得_酒_沱牌,,
10,b0541f429e07a8e3-af15a06e65798ba0,3,舍得_歌词_流行歌曲,,
11,7e088c80b8093612-b274c61149daec10,3,秋菊_电影_秋菊打官司,,
11,00f0d1ebbe5b3812-9fae70c54d592640,3,秋菊_电影_秋菊打官司,,
11,6dd03275d206d35f-b19023651f153430,3,秋菊_电影_秋菊打官司,,
11,9d6ba4273c5e422e-c219f530080e78f0,3,秋菊_文学_原创,,
11,7379fe929141bcb3-602aae67cd511050,3,秋菊_文学_原创,,
11,1d7a73ab2545bcff-b0cf7c2740946b80,3,秋菊_文学_原创,,
11,f58c06226b9bf713-b492170d62404f30,3,秋菊_植物_菊花,,
11,1c660272f241816e-e23775f58ad650a0,3,秋菊_文学_原创,,
11,e8209b1ace0547bb-81b9711627703840,3,秋菊_文学_原创,,
11,7e13b4b1787252f2-580f32f06cef7000,3,秋菊_电影_秋菊打官司,,
11,85e9df3e12b71abe-1c80d700ae3908f0,3,秋菊_电影_秋菊打官司,,
11,d13d06225fab4b39-e507502fef4d2600,3,秋菊_电影_秋菊打官司,,
11,4c5fcadc234d5d95-17e92d10d79c3c60,3,秋菊_文学_原创,,
11,ef8ca1a10dee5c89-933f7c2740946b80,3,秋菊_文学_原创,,
11,ca1499dfeafbb961-f558a119783e35d0,3,秋菊_电影_秋菊打官司,,
11,c64c5600932ea28f-3acf0837afbff090,3,秋菊_植物_菊花,,
11,c20a514f9091aa32-78f60afdd561a950,3,秋菊_文学_原创,,
11,7ff1167aa87c4d58-77b7502fef4d2600,3,秋菊_文学_古诗,,
11,11de1f79cba61d9a-ea9f7c2740946b80,3,秋菊_文学_原创,,
11,086e5d5b737c4d58-77b7502fef4d2600,3,秋菊_文学_古诗,,
11,68651ed1b497b3e0-6d342f71826112e0,3,秋菊_电影_秋菊打官司,,
11,a5751bc3e9391357-173997ade349ee20,3,秋菊_电影_秋菊打官司,,
11,9f36184f722dc531-21ba43e025dcd1c0,3,秋菊_植物_菊花,,
11,fd13ad4e63ec9930-6f983ebf002b8180,3,秋菊_文学_原创,,
11,c37c7cbacf714341-3d807783d4cca6e0,3,秋菊_电影_秋菊打官司,,
11,1b99863b5397b3e0-6d342f71826112e0,3,秋菊_电影_秋菊打官司,,
11,8e132c4947714341-3d807783d4cca6e0,3,秋菊_电影_秋菊打官司,,
11,8adc856d091d70c8-d964ed7d2704d270,3,秋菊_电影_秋菊打官司,,
11,6de4efbb07d9f2f0-cf542f71826112e0,3,秋菊_电影_秋菊打官司,,
11,f049f537a5089707-c248ff00b3131c40,3,秋菊_文学_原创,,
11,8fa9363fd18dde63-5a3826d585b20ae0,3,秋菊_文学_原创,,
11,b0f9b64bc1cc9bcf-a6613306c0bb3300,3,秋菊_电影_秋菊打官司,,
11,1af06a03ec730b50-a56f7c2740946b80,3,秋菊_文学_原创,,
11,437939363329f755-52305443f75408a0,3,秋菊_文学_原创,,
12,c4d19faa59541d15-f666346dd53d2660,3,三字经_内容_解释,,
12,8278207db797f4a5-858047588ca53b00,3,三字经_内容_介绍,,
12,403ca7a26f9faf6d-db6aaea947ab2150,3,三字经_内容_新三字经,,
12,f6149c215284e11b-c3cff96070d55c70,3,三字经_影音_视频,,
12,a214dd0ede366f77-916671aeb4f883d0,3,三字经_内容_新三字经,,
12,db8f6428e0c28ee6-e12dd15793221b90,3,三字经_内容_新三字经,,
12,b3c61f1ee05d1a12-413c9ae6de1a9c90,3,三字经_内容_新三字经,,
12,b9da601c6e3e32cb-41c83ebf002b8180,3,三字经_内容_介绍,,
12,a6efc7833bf5db7e-ffd2f85305d90210,3,三字经_内容_下载,,
12,8b7bf7f4d7d963a0-2ce634f784d56fb0,3,三字经_内容_新三字经,,
12,9a714246d503cb73-18c047588ca53b00,3,三字经_影音_音频,,
12,fb3d7394ca5b0c4c-d61444289a35ce80,3,三字经_内容_介绍,,
12,634528cafec332e3-c7a6fa1e9aaf29c0,3,三字经_内容_儿歌,,
12,10f6a5ce1e759c9c-92c5c177ab6cc660,3,三字经_影音_儿歌,,
12,dfd8a719c494d6e2-df8a3c6807ed5dd0,3,三字经_内容_解释,,
12,f3e427462b536307-1c5047588ca53b00,3,三字经_影音_视频,,
12,38dccd9ec7ab4b39-e507502fef4d2600,3,三字经_内容_介绍,,
12,ce78b4c3b111dc13-20f83ebf002b8180,3,三字经_内容_新三字经,,
12,e15146e598da2142-69713306c0bb3300,3,三字经_内容_新三字经,,
12,2b0f724ad9bd735d-dcba53807f53de30,3,三字经_内容_儿歌,,
12,a6e11f89fadc1400-6d9b8711351ec780,3,三字经_影音_音频,,
12,067b925813b01554-a361ca49ef5672e0,3,三字经_内容_介绍,,
12,3cd7e594fd27fa04-f0ccbf4ef7907060,3,三字经_内容_解释,,
12,8e50a86f0c5fd2f1-ec2a0fc9abf5ddc0,3,三字经_内容_作者,,
12,d70d817dd6e32793-db62d99370fc74d0,3,三字经_内容_介绍,,
12,bbdeebb48603ebb5-9c70c1e3407b54e0,3,三字经_内容_解释,,
12,d8d5a434b684e11b-c3cff96070d55c70,3,三字经_影音_音频,,
12,d57abe8e75510e95-38cc182b926d3720,3,三字经_内容_介绍,,
12,cd886ec2190293b1-4645deb36f90ad50,3,三字经_内容_介绍,,
12,81759e1a2f3fd9a4-737df0570bd07a10,3,三字经_内容_介绍,,
12,a3746d4cc26cf772-80429576244c9da0,3,三字经_影音_音频,,
12,fdcdf181bf7c4d58-77b7502fef4d2600,3,三字经_内容_介绍,,
12,a055823ca2398c46-f4f671aeb4f883d0,3,三字经_内容_新三字经,,
12,1da0a57f68d65490-4886fa1e9aaf29c0,3,三字经_内容_儿歌,,
12,3d844769c3e82893-a1a8be8b05782380,3,三字经_内容_解释,,
12,006c6ad0c75e52be-e5ec234620c7a8f0,3,三字经_内容_解释,,
13,57aa73d030c6278d-b543ad8e9f162500,3,三毛_作家_文学作品,,
13,b2c4c706bd43e78a-14aaa74aa8a4d360,3,三毛_作家_作者,,
13,65ea3fd434d9f2f0-cf542f71826112e0,3,三毛_漫画人物_漫画作品,,
13,6a38a4f40345bcff-b0cf7c2740946b80,3,三毛_作家_作者,,
13,a6bb7b36358a71a2-b9f42f71826112e0,3,三毛_漫画人物_漫画作品,,
13,cf327f75bb75b091-3e67533a23a59330,3,三毛_作家_文学作品,,
13,a2327ed8102a941c-4d9bda3d7c3ac110,3,三毛_漫画人物_漫画作品,,
13,16075ddf14cef4ed-a67df9789619ba30,3,三毛_作家_作者,,
13,bdf7f9c26cd9f2f0-cf542f71826112e0,3,三毛_漫画人物_漫画作品,,
13,fa0ac77dad6cd8c0-5f7aae67cd511050,3,三毛_作家_文学作品,,
13,fc41328f265fa42a-afe7533a23a59330,3,三毛_作家_作者,,
13,4d8d2585c3aac27d-6bdf32f06cef7000,3,三毛_作家_文学作品,,
13,97ce2d9ad18e3ab3-056157b2747b4290,3,三毛_作家_文学作品,,
13,95ea97d0328ac3c7-cfbe73e32024bea0,3,三毛_作家_文学作品,,
13,d41be885746f49e2-39f908a255a73ab0,3,三毛_作家_作者,,
13,15c668eb62d51e90-75521245fd3b7e10,3,三毛_作家_作者,,
13,be3ff6fd248ae1b7-297cd7c2d4c510b0,3,三毛_作家_文学作品,,
13,eaa0c51efdd9f2f0-cf542f71826112e0,3,三毛_漫画人物_漫画作品,,
13,9b3f7b0da1730b50-a56f7c2740946b80,3,三毛_作家_作者,,
13,d2417e189a54e12d-b6aaae67cd511050,3,三毛_作家_作者,,
13,e548cfe0ba60b699-be20e0c233905710,3,三毛_漫画人物_漫画作品,,
13,cd863f79b74da5b6-64aa3ea0b4aec5e0,3,三毛_作家_作者,,
13,dc7323ed802f2136-fe85d9a362314a50,3,三毛_作家_作者,,
13,a26f7dc1c8ab4b39-e507502fef4d2600,3,三毛_作家_文学作品,,
13,4c0d207f59e30aa5-99667eb1c92b3250,3,三毛_作家_作者,,
13,d480c82f4b3381ba-6a30b0f711fdb240,3,三毛_作家_文学作品,,
13,b44a95d95c6dda15-ecf13306c0bb3300,3,三毛_作家_作者,,
13,f53e076fa641324e-4c207783d4cca6e0,3,三毛_作家_作者,,
13,9249f0a189730b50-a56f7c2740946b80,3,三毛_作家_作者,,
13,fe22232109473645-37492aa92eea5340,3,三毛_作家_文学作品,,
13,d59b199edbfc4c59-502908a255a73ab0,3,三毛_漫画人物_漫画作品,,
13,9443b8d6a0714341-3d807783d4cca6e0,3,三毛_作家_文学作品,,
13,c5e498f88cea66db-f803e0d89129eb80,3,三毛_漫画人物_漫画作品,,
13,026b5367886989d3-b9ca53807f53de30,3,三毛_作家_作者,,
13,b5ec023ca9a61d9a-ea9f7c2740946b80,3,三毛_作家_作者,,
13,ada1b63367730b50-a56f7c2740946b80,3,三毛_作家_作者,,
13,ecc220d06603cb73-18c047588ca53b00,3,三毛_作家_文学作品,,
13,89a9bfd583ea3c31-f33bf4039f22eed0,3,三毛_作家_作者,,
13,cda381151197b3e0-6d342f71826112e0,3,三毛_漫画人物_漫画作品,,
13,ccbf2fdcbb089707-c248ff00b3131c40,3,三毛_作家_作者,,
13,7349af7c54a76b6c-fb1ac9cc51c1c180,3,三毛_漫画人物_漫画作品,,
13,1b82bf58f0e121cd-0047502fef4d2600,3,三毛_漫画人物_漫画作品,,
13,e6f3c92b6caac27d-6bdf32f06cef7000,3,三毛_作家_作者,,
13,cda0d239f0e5ee51-089ca6dd92ecc970,3,三毛_作家_文学作品,,
13,93a48e6d017b827b-ccff0e9e4c3efef0,3,三毛_作家_作者,,
13,dad566d0324d8156-0a26ddd05936d370,3,三毛_作家_文学作品,,
13,f1506df47de42ba9-eb192d10d79c3c60,3,三毛_作家_作者,,
13,3040cc2d63904535-aa107783d4cca6e0,3,三毛_作家_文学作品,,
13,e05529e71d5bb456-9c34c5c4cf03dc00,3,三毛_作家_作者,,
13,874fa55fc2ff1a8d-b919f530080e78f0,3,三毛_作家_作者,,
14,c1b6d430ae787acd-9c921b38d3ed6590,3,阳光_网站_汽车,,
14,dc3d1d2f037a62f5-3b92d7dbecb3ed90,3,阳光_汽车_经销商,,
14,f11bbd912c7a62f5-3b92d7dbecb3ed90,3,阳光_汽车_经销商,,
14,bd906782961e8b17-38f145ddb10802a0,3,阳光_汽车_经销商,,
14,dacc8c142fc6a7b7-2feaae67cd511050,3,阳光_文学_歌曲,,
14,19562a911203cb73-18c047588ca53b00,3,阳光_网站_高考,,
14,f7894d98837863bb-19ff107ed8ff6410,3,阳光_文学_歌曲,,
14,b6de022be413d941-2366949e86fe2950,3,阳光_汽车_论坛,,
14,29b2acaa7203cb73-18c047588ca53b00,3,阳光_网站_高考,,
14,f8f5112ce00aedaf-cf1cbe6f694be7e0,3,阳光_汽车_经销商,,
14,f3bd7414d12bda60-96308347c50afae0,3,阳光_网站_汽车,,
14,2d65b1a138787acd-9c921b38d3ed6590,3,阳光_网站_汽车,,
14,906d806045787acd-9c921b38d3ed6590,3,阳光_网站_汽车,,
14,f0426b4ee47a62f5-3b92d7dbecb3ed90,3,阳光_汽车_经销商,,
14,d82992cd1ca6ac43-e63f788182d8f6c0,3,阳光_网站_炫舞,,
14,5c23a68e04f25482-730d16309b6be4a0,3,阳光_网站_炫舞,,
14,d3ba7087ed6f34c8-ebfa812546bfce90,3,阳光_汽车_经销商,,
14,a447703966cc9bcf-a6613306c0bb3300,3,阳光_汽车_新闻,,
14,2aa29403b0787acd-9c921b38d3ed6590,3,阳光_网站_汽车,,
14,e4fef2ef57c7117d-eef256c6af531100,3,阳光_网站_高考,,
14,d2cdf56825d41c33-58596e1a8f1a7560,3,阳光_汽车_经销商,,
14,c6d147c4b37f07f1-f7d0b0d8e678ce20,3,阳光_人物_资料,,
14,c529ab1c0a787acd-9c921b38d3ed6590,3,阳光_网站_汽车,,
14,a41068fe5aa6ac43-e63f788182d8f6c0,3,阳光_网站_炫舞,,
14,a9ca1cb376c15cfe-007908a255a73ab0,3,阳光_汽车_新闻,,
14,f96e239b273212d0-2ecdaa0c03222580,3,阳光_文学_文章,,
14,3b7595787103cb73-18c047588ca53b00,3,阳光_网站_高考,,
14,bb06ef8db1a4732a-6ffc91c66b6eeeb0,3,阳光_汽车_经销商,,
14,bb480d5f11a6ac43-e63f788182d8f6c0,3,阳光_汽车_论坛,,
14,d47b5db88fd41c33-58596e1a8f1a7560,3,阳光_汽车_经销商,,
14,b7a4885042d41c33-58596e1a8f1a7560,3,阳光_汽车_经销商,,
14,9b79604d9313d941-2366949e86fe2950,3,阳光_人物_资料,,
14,9fc01910de7a62f5-3b92d7dbecb3ed90,3,阳光_汽车_经销商,,
14,9ccd2fad9182e5d1-fe015393cc965fc0,3,阳光_文学_文章,,
14,b33caec2b54e127b-5a028e0c88e0a770,3,阳光_人物_电视剧,,
15,4c03cb7ebfb438bf-0a307783d4cca6e0,3,阳光_汽车_新闻,,
15,93534f9c21810a23-7b25bf5aebe04740,3,嫦娥_航天飞行器_探月,,
15,ee7c9034deb2b033-89df5fc289896550,3,嫦娥_文学作品_图片,,
15,96edc497f310c944-b345d9a362314a50,3,嫦娥_文学作品_原创,,
15,b2e1b8040eb041fa-e92b8f1050acb730,3,嫦娥_文学作品_图片,,
15,742286636b3bff27-0b783ebf002b8180,3,嫦娥_航天飞行器_探月,,
15,8135fbbc7e1aafc2-e6107783d4cca6e0,3,嫦娥_神话故事人物_故事,,
15,beeedc1d6e5b9f5a-58e92b249affd1c0,3,嫦娥_航天飞行器_探月,,
15,8124a77d3e95d443-1ae1c2140bc4a240,3,嫦娥_神话故事人物_故事,,
15,97251f18dbab4b39-e507502fef4d2600,3,嫦娥_航天飞行器_资料,,
15,9dec494a9dd432be-a0cf537ea62ea360,3,嫦娥_文学作品_原创,,
15,85733d7e0e3ed39f-eef4aec0a46c4f90,3,嫦娥_航天飞行器_探月,,
15,62cfbcbb7d7c4d58-77b7502fef4d2600,3,嫦娥_神话故事人物_故事,,
15,0255e821d0b57a99-59513306c0bb3300,3,嫦娥_文学作品_原创,,
15,f27d6682a9759c9c-92c5c177ab6cc660,3,嫦娥_神话故事人物_视频,,
15,b2c21fc6eb7cc6b3-17113306c0bb3300,3,嫦娥_文学作品_图片,,
15,f123d64bda5fd8ab-3e8523b2cca84da0,3,嫦娥_神话故事人物_综艺,,
15,ef20a1e86bea3f44-c557aac7e66ef390,3,嫦娥_神话故事人物_视频,,
15,f9d868fe55ec9930-6f983ebf002b8180,3,嫦娥_航天飞行器_探月,,
15,f19df9ce3a5d5a6f-a324785d3d960730,3,嫦娥_神话故事人物_故事,,
15,963a0578c9ab4b39-e507502fef4d2600,3,嫦娥_航天飞行器_探月,,
15,9f9b90338c7cc6b3-17113306c0bb3300,3,嫦娥_航天飞行器_卫星,,
15,5d2867fa5dda2142-69713306c0bb3300,3,嫦娥_航天飞行器_卫星,,
15,9caed0619be50564-f5bf40910eb939f0,3,嫦娥_文学作品_古诗,,
15,06e02a173762692c-898f40910eb939f0,3,嫦娥_文学作品_古诗,,
15,ff32d6e9fbfde635-f1b4331298ec3060,3,嫦娥_神话故事人物_故事,,
15,02efcd90f4da2142-69713306c0bb3300,3,嫦娥_航天飞行器_探月,,
15,020a79a3d3da2142-69713306c0bb3300,3,嫦娥_航天飞行器_探月,,
15,db6e734a1b23575a-9da25ad3aec923a0,3,嫦娥_神话故事人物_故事,,
15,dcf5ebc4c0ec9930-6f983ebf002b8180,3,嫦娥_航天飞行器_卫星,,
15,b5b727d18dedf995-27f9d626883530b0,3,嫦娥_航天飞行器_卫星,,
15,a61adab8e35fa42a-afe7533a23a59330,3,嫦娥_航天飞行器_探月,,
15,371839376bb438bf-0a307783d4cca6e0,3,嫦娥_航天飞行器_探月,,
15,991d9000a1da2142-69713306c0bb3300,3,嫦娥_航天飞行器_探月,,
15,23839df4499b17d6-7b4df6c47c410010,3,嫦娥_航天飞行器_资料,,
15,bba3bc11cf730b50-a56f7c2740946b80,3,嫦娥_神话故事人物_故事,,
15,b85c0468e1da2142-69713306c0bb3300,3,嫦娥_文学作品_图片,,
15,a69f1b1d3865b0ba-f7f9257fc6b43e00,3,嫦娥_航天飞行器_探月,,
16,c4c63bd4a3c9b989-a94e5a9de2d3b4f0,3,程序员_职业_发展,,
16,7ad63950449f1cf9-2b3d96625712aba0,3,程序员_网站_pudn,,
16,afe6fcd15bb88c99-cbd7d59927745de0,3,程序员_介绍_故事,,
16,cd718023ae19c3f1-752f32f06cef7000,3,程序员_招聘_工资,,
16,b50c65df9a3d6137-54b99e1c193af470,3,程序员_介绍_故事,,
16,361df6579905b196-adcd96625712aba0,3,程序员_网站_pudn,,
16,e0713f7709973d0d-5fcc0acce2f9c810,3,程序员_招聘_php招聘,,
16,a79395995f08b684-8488a9807a6b7370,3,程序员_介绍_故事,,
16,0c9c0bea6f6b4aab-89b35d8f4ffaee60,3,程序员_招聘_java招聘,,
16,83707a6af5c147f8-1e6a86cbdb5c3db0,3,程序员_招聘_php招聘,,
16,71e34cdfed03cb73-18c047588ca53b00,3,程序员_招聘_java招聘,,
16,df32cd83bb634f85-02d0b2916c9e35e0,3,程序员_网站_程序员之家,,
16,09f38117674ac655-31aa636dd19ca950,3,程序员_招聘_php招聘,,
16,fc615cdba3b49463-ffd44679165c4ed0,3,程序员_招聘_工资,,
16,a9b80e33a54ef4e6-9e9bb090c6602790,3,程序员_课程_推荐,,
16,f29f11f00425434a-620a191c9de8a3f0,3,程序员_网站_程序员之家,,
16,a064d2e1fd70a58f-05a7d91bdafe2040,3,程序员_网站_pudn,,
16,af5a787a7fda10fd-07ef6b82d3250a20,3,程序员_招聘_工资,,
16,c3023c97ada9d867-fbe94ff3ec3fb710,3,程序员_介绍_故事,,
16,28623ff3f64ac655-31aa636dd19ca950,3,程序员_招聘_php招聘,,
16,9b5706bc3805b196-adcd96625712aba0,3,程序员_网站_pudn,,
16,584c9bdc85f4c1cf-5f3919ac47704510,3,程序员_招聘_java招聘,,
16,1e8e487634f22f99-3c4f4fd63302c1c0,3,程序员_招聘_php招聘,,
16,dfc00ac7d1df6f3d-8ca13306c0bb3300,3,程序员_职业_发展,,
16,f08979e5ffc147f8-1e6a86cbdb5c3db0,3,程序员_招聘_.net招聘,,
16,e9e3ead72c51fee3-53a6308d30021a70,3,程序员_介绍_故事,,
16,7d34db70b770a58f-05a7d91bdafe2040,3,程序员_网站_pudn,,
16,aa5b1bf12d334b42-b90819c5ea459090,3,程序员_网站_程序员之家,,
16,5b65ab76f6cc9b95-8530dcdea2ef2f60,3,程序员_招聘_php招聘,,
16,b21b56807370a58f-05a7d91bdafe2040,3,程序员_网站_pudn,,
16,c8ceaacb86973d0d-5fcc0acce2f9c810,3,程序员_招聘_java招聘,,
16,b842b1c01bc147f8-1e6a86cbdb5c3db0,3,程序员_招聘_面试,,
16,d25717509803cb73-18c047588ca53b00,3,程序员_介绍_杂志,,
16,c376dbef2170a58f-05a7d91bdafe2040,3,程序员_网站_程序员之家,,
16,cefa8a3cc120f1cd-6dcbf70fed6791f0,3,程序员_介绍_故事,,
17,433b48de01101fbc-280ac8e29258de00,3,泰国_宝石_价格,,
17,5080267cc9eefad2-59fac8e29258de00,3,泰国_特产_购买,,
17,3a3705c5eacef245-111242a79ebcf110,3,泰国_特产_土特产,,
17,65fceedae1eab307-3b93d9bd893788c0,3,泰国_攻略_介绍,,
17,bfe21fa355352ad5-43897cf5b8383760,3,泰国_攻略_介绍,,
17,f89b549fb5101fbc-280ac8e29258de00,3,泰国_特产_购买,,
17,afaa6a6f0c96cf53-582ac8e29258de00,3,泰国_攻略_特产,,
17,8e3926eac9eefad2-59fac8e29258de00,3,泰国_特产_概况,,
17,ec5bf619af7c5e72-87697cf5b8383760,3,泰国_攻略_介绍,,
17,12d3b71b575bbaf0-64c67a94bda8e390,3,泰国_攻略_介绍,,
17,2e0d269396fc1a4a-02aac8e29258de00,3,泰国_特产_购买,,
17,9884077c73352ad5-43897cf5b8383760,3,泰国_攻略_介绍,,
17,1125046495101fbc-280ac8e29258de00,3,泰国_特产_购买,,
17,87fa2036d919eaf2-08100988ba5525d0,3,泰国_宝石_价格,,
17,74ecb334d5e2f617-ffeac8e29258de00,3,泰国_宝石_价格,,
17,2ad4405197bcf279-996ff87beb14fd90,3,泰国_攻略_介绍,,
17,f36e13ba78fc1a4a-02aac8e29258de00,3,泰国_特产_购买,,
17,b2fb84dacd186780-0bb9e8a9d65da9d0,3,泰国_攻略_介绍,,
17,13240a51f852e19f-ed713306c0bb3300,3,泰国_攻略_特产,,
17,4ec95ff49c101fbc-280ac8e29258de00,3,泰国_特产_购买,,
17,8b9acfd78deefad2-59fac8e29258de00,3,泰国_特产_购买,,
17,09f1634952eeeb29-4e67ef3e5b0d0df0,3,泰国_攻略_介绍,,
17,37c2515bbdc13e5e-5b6ac8e29258de00,3,泰国_特产_购买,,
17,53f11f2a023a8fb7-875ac8e29258de00,3,泰国_宝石_价格,,
17,639d6647f5a97a99-da3ac8e29258de00,3,泰国_宝石_价格,,
17,825efb9f57b1de8d-f0800988ba5525d0,3,泰国_宝石_价格,,
17,90731a87f6101fbc-280ac8e29258de00,3,泰国_特产_购买,,
17,82713d7432352ad5-43897cf5b8383760,3,泰国_攻略_介绍,,
17,b047914e0ff2996b-f56a4ed75d67b130,3,泰国_攻略_介绍,,
17,e49c3a9331eeeb29-4e67ef3e5b0d0df0,3,泰国_攻略_介绍,,
17,c05752abdfccb566-ebb77adde360ada0,3,泰国_攻略_介绍,,
17,3476e77a48a9eb00-5d70f4814ea4c070,3,泰国_攻略_介绍,,
17,20e45d2d01b1de8d-f0800988ba5525d0,3,泰国_宝石_价格,,
18,01ee9e23df25cf86-aa385d5f5b79f020,3,科学美国人_网站_环球科学杂志,,
18,6f387b75f8b20a6e-47a908a255a73ab0,3,科学美国人_图书_环球科学世界,,
18,58da4d723b25cf86-aa385d5f5b79f020,3,科学美国人_图书_杂志,,
18,8bed3a3703b8aaf8-58e07822ff844af0,3,科学美国人_图书_环球科学世界,,
18,fc3538f59dc3636f-96e89a2072376930,3,科学美国人_图书_环球科学世界,,
18,256379df420ddb95-86907783d4cca6e0,3,科学美国人_图书_杂志,,
18,ddd832555725cf86-aa385d5f5b79f020,3,科学美国人_网站_环球科学杂志,,
18,38af82cbe500220b-8f1515d5fbf5f730,3,科学美国人_网站_环球科学杂志,,
18,cfff5778beae6425-d10908a255a73ab0,3,科学美国人_图书_杂志,,
18,9319e9479cae6425-d10908a255a73ab0,3,科学美国人_网站_资源,,
18,14c0abfc1fd1de97-1d55d9a362314a50,3,科学美国人_网站_环球科学杂志,,
18,65d651c6ff25cf86-aa385d5f5b79f020,3,科学美国人_网站_介绍,,
18,c0468191e10faf6e-99b6c30da95c12e0,3,科学美国人_图书_60秒,,
18,6eee148cc90bd635-cb87502fef4d2600,3,科学美国人_图书_杂志,,
18,8c09c10e3525cf86-aa385d5f5b79f020,3,科学美国人_网站_文化,,
18,516a17fe5e35eacd-5c065bf237741d10,3,科学美国人_网站_介绍,,
18,2075ec71b985af11-ee762ee7dd092a90,3,科学美国人_图书_杂志,,
18,a1d302cb7ad1de97-1d55d9a362314a50,3,科学美国人_图书_杂志,,
18,a32c8e1662da8c3d-7345ca7e6894bc80,3,科学美国人_网站_资源,,
18,d0a8c1b14d25cf86-aa385d5f5b79f020,3,科学美国人_网站_环球科学杂志,,
18,c50fdaebcc101fbc-280ac8e29258de00,3,科学美国人_网站_环球科学杂志,,
18,8a96a64280287ffa-f955dba11f1c26d0,3,科学美国人_网站_环球科学杂志,,
18,8017debbaa0ddb95-86907783d4cca6e0,3,科学美国人_网站_环球科学杂志,,
18,9b1fa2714f993cf8-956e0254b4485130,3,科学美国人_图书_中文版,,
18,a7cb9f74aaf3280a-8ccb880d60164d50,3,科学美国人_网站_环球科学杂志,,
19,760e8b89a3886adc-a7d7b9304c120260,3,黄金_贵金属_实物,,
19,ad1669fda0da2142-69713306c0bb3300,3,黄金_影视_黄金大劫案,,
19,d5634320b717da6c-c66d9e46b8d58490,3,黄金_贵金属_商场,,
19,9377c7e7c9592f95-41359e0dcf406c50,3,黄金_贵金属_中国,,
19,d79b5d2128592f95-41359e0dcf406c50,3,黄金_贵金属_协会,,
19,b14873bc7448a21d-7cdd3cbe13a695d0,3,黄金_贵金属_首饰,,
19,c0d52ba24facfa28-fa4ac8e29258de00,3,黄金_贵金属_首饰,,
19,f34699f391592f95-41359e0dcf406c50,3,黄金_贵金属_首饰,,
19,b9cfdcc3e0750fb2-39059e0dcf406c50,3,黄金_贵金属_协会,,
19,8f5332ecb3da2142-69713306c0bb3300,3,黄金_贵金属_首饰,,
19,b1c560d203592f95-41359e0dcf406c50,3,黄金_贵金属_协会,,
19,d4255c677ab4dc0f-1be7b9304c120260,3,黄金_贵金属_实物,,
19,a068b51924f0e1b2-49b7b9304c120260,3,黄金_贵金属_实物,,
19,9a5e73c277d24211-5864a2e57d006f60,3,黄金_贵金属_首饰,,
19,96ae38d509ca5415-5d9bcfb207fe3740,3,黄金_贵金属_实物,,
19,b6e57efd5303cb73-18c047588ca53b00,3,黄金_贵金属_金融,,
19,baec6fd435ca5415-5d9bcfb207fe3740,3,黄金_贵金属_协会,,
19,ff391bc9d3790e90-7528508a690bd730,3,黄金_贵金属_实物,,
19,97024dcd35ca5415-5d9bcfb207fe3740,3,黄金_贵金属_实物,,
19,be5b1d7f44f0e1b2-49b7b9304c120260,3,黄金_贵金属_实物,,
19,5d12e4d85e4f3fed-48c0aeae93666a40,3,黄金_贵金属_金融,,
19,dab60aa7d9592f95-41359e0dcf406c50,3,黄金_贵金属_实物,,
19,d24870cefaca5415-5d9bcfb207fe3740,3,黄金_贵金属_金融,,
19,96ac5afcf6767e1e-7148508a690bd730,3,黄金_贵金属_金融,,
19,c612fac767a1a149-5d4d262d0a37ac00,3,黄金_贵金属_实物,,
19,96c35646d5f805bd-1de302ef43586ad0,3,黄金_贵金属_首饰,,
19,d61298cf0e592f95-41359e0dcf406c50,3,黄金_贵金属_原油,,
19,f34dac4e20404023-26005dee22407730,3,黄金_贵金属_实物,,
19,f5669d182b592f95-41359e0dcf406c50,3,黄金_贵金属_金融,,
19,d1cd138ca3b57a99-59513306c0bb3300,3,黄金_贵金属_中国,,
19,8a8c38bedbc0e0a9-469740565fb843d0,3,黄金_贵金属_实物,,
19,dc2f9427e1646d98-0e06481604161ec0,3,黄金_贵金属_实物,,
19,5c98fd3b2f51147f-1af9e7abe608aee0,3,黄金_贵金属_实物,,
19,94c136671add5c8a-633b143a4aed4040,3,黄金_贵金属_首饰,,
20,9f4718c2f2732924-11dac8e29258de00,3,浴缸_家居_淋浴房,,
20,f65ad31070938ce8-daa796929f2b1610,3,浴缸_选购_选择,,
20,9daad681f2dcab41-f90f7e8941ce8f90,3,浴缸_选购_选择,,
20,2b69ef94390859b0-160eeef718364090,3,浴缸_家居_淋浴房,,
20,3dc600db06c25e90-2055b0d6a79b9790,3,浴缸_家居_淋浴房,,
20,fa7d7558bf691754-bf6bbe505c8783b0,3,浴缸_家居_淋浴房,,
20,bfea690c00c70417-e6fe9859453b7460,3,浴缸_家居_淋浴房,,
20,98268708dbdefb6f-1b884c3d46faf9b0,3,浴缸_选购_介绍,,
20,e4b4a57c9b255070-4a1cecf4b71bd860,3,浴缸_选购_价格,,
20,dec45c86cbf95c22-f56796929f2b1610,3,浴缸_类型_按摩,,
20,d800a82ecb8b0af1-e815112f56ac5020,3,浴缸_选购_价格,,
20,6038b36b34c86b8f-7deac9cc51c1c180,3,浴缸_类型_材质,,
20,949cca9483d28cf9-32f84c3d46faf9b0,3,浴缸_类型_材质,,
20,4b4e4cb37bf83dbe-96fe19c77376b5c0,3,浴缸_类型_材质,,
20,8e00eb68be101fbc-280ac8e29258de00,3,浴缸_选购_网购,,
20,dd06fb6871938ce8-daa796929f2b1610,3,浴缸_选购_选择,,
20,046fdbe0910859b0-160eeef718364090,3,浴缸_类型_材质,,
20,fdf1957e3ae2c0bc-765796929f2b1610,3,浴缸_类型_材质,,
20,9e6d20e5e1c1bb5d-98a84c3d46faf9b0,3,浴缸_类型_材质,,
20,d3940cb98350a4b8-955f7e320393b2c0,3,浴缸_选购_介绍,,
20,22b4ec44b1ec3107-ad2e59af86900f10,3,浴缸_家居_淋浴房,,
20,9b97b758c6dcab41-f90f7e8941ce8f90,3,浴缸_选购_选择,,
20,f6845b33b313a85d-18bac8e29258de00,3,浴缸_选购_网购,,
20,a9ede215aa538e9b-c6a84c3d46faf9b0,3,浴缸_选购_介绍,,
20,f7006cdae709fc50-951ac8e29258de00,3,浴缸_选购_价格,,
20,f6662b75fba149f8-5bce59af86900f10,3,浴缸_选购_价格,,
20,fec48fa9aff95c22-f56796929f2b1610,3,浴缸_选购_选择,,
20,bbb6219a14fb599f-0b1509e952666330,3,浴缸_类型_按摩,,
20,202c871d14c25e90-2055b0d6a79b9790,3,浴缸_选购_网购,,
20,094b2ba0e6b89ed6-2cde59af86900f10,3,浴缸_选购_价格,,
20,fc1f43774dc86b8f-7deac9cc51c1c180,3,浴缸_选购_价格,,
20,ca88d2b058150204-91b908a255a73ab0,3,浴缸_选购_图片,,
20,a091e47f9af83dbe-96fe19c77376b5c0,3,浴缸_选购_介绍,,
20,a988c9c592b09e05-f0fc94375e726020,3,浴缸_选购_介绍,,
20,b55a59bda66cf772-80429576244c9da0,3,浴缸_类型_按摩,,
20,b8b38e1a9e9a9684-59b84c3d46faf9b0,3,浴缸_选购_介绍,,
20,896b7a2ee4c25e90-2055b0d6a79b9790,3,浴缸_选购_网购,,
20,dae7849849fca75c-bc37ca3cfb8d1a40,3,浴缸_类型_材质,,
20,2eff9e78eec25e90-2055b0d6a79b9790,3,浴缸_选购_网购,,
21,119386b6981c99c3-a5fac8e29258de00,3,婚戒_知识_介绍,,
21,fb69cfa581b6f811-1fdaaf9282b0bb70,3,婚戒_品牌_ido,,
21,89105f46cd1c99c3-a5fac8e29258de00,3,婚戒_品牌_概况,,
21,d852ecae982882a0-c9b25b25a140ea90,3,婚戒_品牌_钻戒,,
21,46ddcbd7a307469a-730ac8e29258de00,3,婚戒_品牌_婚戒,,
21,585da448dc27f8da-a4515946f7d95b50,3,婚戒_品牌_钻戒,,
21,afd34b0f1e24b1db-e3500988ba5525d0,3,婚戒_品牌_钻戒,,
21,fe3627defed06de2-c27464f9723e2270,3,婚戒_知识_习俗,,
21,e2f4b44f2c7a9388-a9df7e320393b2c0,3,婚戒_品牌_ido,,
21,fb87c2ce1509ae6a-d269ed7833c12230,3,婚戒_品牌_婚戒,,
21,83ea5c911f6dda15-ecf13306c0bb3300,3,婚戒_品牌_卡地亚,,
21,e37c7ed0b525cf51-349cae828c5b9240,3,婚戒_知识_介绍,,
21,5eb82f2f47f67d1c-f6c6c5b9d0103c10,3,婚戒_品牌_婚戒,,
21,d82ecb4e607c4d58-77b7502fef4d2600,3,婚戒_品牌_周大福,,
21,5e7f42929ad06de2-c27464f9723e2270,3,婚戒_知识_介绍,,
21,972329f620b64252-44cac8e29258de00,3,婚戒_品牌_概况,,
21,de9a3c487afd4745-20bf7e320393b2c0,3,婚戒_品牌_ido,,
21,fe8e68e7de7c4d58-77b7502fef4d2600,3,婚戒_知识_材质,,
21,4d8ae7805add1347-85200988ba5525d0,3,婚戒_品牌_钻戒,,
21,b1a3f34844101fbc-280ac8e29258de00,3,婚戒_知识_介绍,,
21,fdc46e170f5907ed-e12d1384cad98420,3,婚戒_品牌_明星婚戒,,
21,c51415d6df25cf51-349cae828c5b9240,3,婚戒_品牌_婚戒,,
21,98a4e795d121025e-2e15feab3a2a7f00,3,婚戒_品牌_ido,,
21,1df51102b234a70c-87d92d10d79c3c60,3,婚戒_品牌_婚戒,,
21,37fb1180f95351e0-5da00988ba5525d0,3,婚戒_品牌_婚戒,,
21,905b574fdf1c99c3-a5fac8e29258de00,3,婚戒_品牌_概况,,
21,3680f7fc1725cf51-349cae828c5b9240,3,婚戒_知识_介绍,,
21,9187513e8e1c99c3-a5fac8e29258de00,3,婚戒_品牌_婚戒,,
21,a7167407b427c599-57f5b5f08a7495e0,3,婚戒_品牌_婚戒,,
21,c46fc808b97d0377-a4c464f9723e2270,3,婚戒_品牌_ido,,
21,eb04c796611c99c3-a5fac8e29258de00,3,婚戒_品牌_婚戒,,
21,eedc51def0a92ca1-6214a763cdf96f90,3,婚戒_知识_介绍,,
21,67bbdd4d09c67b81-6f53b66973e8b720,3,婚戒_知识_介绍,,
21,69cdaff3f925cf51-349cae828c5b9240,3,婚戒_知识_介绍,,
21,8ef317dad7d06de2-c27464f9723e2270,3,婚戒_知识_习俗,,
21,34797183bc2c620d-f308d57e5dae3850,3,婚戒_知识_习俗,,
21,d8f1d692c19f5c3e-60aac8e29258de00,3,婚戒_品牌_婚戒,,
21,d84894b35b2c620d-f308d57e5dae3850,3,婚戒_知识_习俗,,
21,bd26643fc42882a0-c9b25b25a140ea90,3,婚戒_品牌_婚戒,,
21,6f1430019cffdba5-723d6b892e7caa60,3,婚戒_知识_介绍,,
21,f389036fa4e5b968-0ada4c6b224f5330,3,婚戒_品牌_明星婚戒,,
21,d229095f1d1c99c3-a5fac8e29258de00,3,婚戒_品牌_婚戒,,
21,7331037eab4e1ad2-c6dae71ddf821f20,3,婚戒_品牌_婚戒,,
21,eb1a6bd3b548ff1f-7a3ad3cb34fee0b0,3,婚戒_品牌_明星婚戒,,
21,87297ee2851c99c3-a5fac8e29258de00,3,婚戒_品牌_婚戒,,
21,c6d88e5d263a8fb7-875ac8e29258de00,3,婚戒_品牌_婚戒,,
22,bb3e681aa8781e61-cfb5419c53f9d240,3,三星_网站_其他业务,,
22,a6e53d830c781e61-cfb5419c53f9d240,3,三星_网站_其他业务,,
22,8590f220c76db6ba-d5df7cc63ab9ca20,3,三星_网站_报价,,
22,d19bb99b0939ead5-0b0a4ed75d67b130,3,三星_网站_报价,,
22,9ee4ea520f232017-ef8d5b6c9b0df8c0,3,三星_网站_乐园,,
22,bb483ba1cd232017-ef8d5b6c9b0df8c0,3,三星_网站_乐园,,
22,de28c11eff691d9c-f112e34e696ae2e0,3,三星_手机_智能手机,,
22,dac12cdaa6f22f99-3c4f4fd63302c1c0,3,三星_电脑_笔记本,,
22,a45a680614781e61-cfb5419c53f9d240,3,三星_网站_其他业务,,
22,fac6f88e94e0bac3-65f1999261409cb0,3,三星_电脑_台式机,,
22,e16039776539ead5-0b0a4ed75d67b130,3,三星_网站_报价,,
22,869bc10756b2f672-6fa893041cd4d6f0,3,三星_网站_其他业务,,
22,d09769c5ab39ead5-0b0a4ed75d67b130,3,三星_网站_报价,,
22,fbb4564309232017-ef8d5b6c9b0df8c0,3,三星_网站_乐园,,
22,9c5196acd67c4d58-77b7502fef4d2600,3,三星_网站_介绍,,
22,69fd9db6c0781e61-cfb5419c53f9d240,3,三星_网站_其他业务,,
22,ff217f03b3232017-ef8d5b6c9b0df8c0,3,三星_网站_乐园,,
22,dd4f48c4c5232017-ef8d5b6c9b0df8c0,3,三星_网站_乐园,,
22,9872cef479c04d3f-6db654bf36a86ac0,3,三星_相机_数码相机,,
22,e6b7071d0e39ead5-0b0a4ed75d67b130,3,三星_网站_报价,,
22,299d6c83791bad64-f41f7cc63ab9ca20,3,三星_网站_报价,,
22,b0fecc617e39ead5-0b0a4ed75d67b130,3,三星_网站_报价,,
22,ef583b20f86616e2-225f7cc63ab9ca20,3,三星_网站_报价,,
22,082974c0853cf0dd-413f7cc63ab9ca20,3,三星_网站_报价,,
22,9c2b2e1531232017-ef8d5b6c9b0df8c0,3,三星_网站_乐园,,
22,9966b6b517232017-ef8d5b6c9b0df8c0,3,三星_网站_乐园,,
22,817cfb331a4ef4e6-9e9bb090c6602790,3,三星_电脑_笔记本,,
22,ded62f488a232017-ef8d5b6c9b0df8c0,3,三星_网站_乐园,,
22,95be73d9c9a54e60-2eafc083219e5370,3,三星_相机_数码相机,,
22,9b19c919ce232017-ef8d5b6c9b0df8c0,3,三星_网站_乐园,,
22,bbd67e928b232017-ef8d5b6c9b0df8c0,3,三星_网站_乐园,,
22,aa2c4d9fdc39ead5-0b0a4ed75d67b130,3,三星_网站_报价,,
22,93ce3af19a7c4d58-77b7502fef4d2600,3,三星_网站_介绍,,
22,0a15e0819439ead5-0b0a4ed75d67b130,3,三星_网站_报价,,
22,f93c0b5cde232017-ef8d5b6c9b0df8c0,3,三星_网站_乐园,,
22,478aac24c4781e61-cfb5419c53f9d240,3,三星_网站_其他业务,,
22,481b10896e21a7d4-9434be51fd57b140,3,三星_网站_其他业务,,
22,79ecafb8ef781e61-cfb5419c53f9d240,3,三星_网站_其他业务,,
22,00c39f520a9b94d8-caeac9cc51c1c180,3,三星_网站_官网,,
22,fc57132578232017-ef8d5b6c9b0df8c0,3,三星_网站_乐园,,
22,44c3ca9006d7bfdf-204bb090c6602790,3,三星_网站_报价,,
22,4b28c8b7c439ead5-0b0a4ed75d67b130,3,三星_网站_报价,,
22,ed551a604c7cc6b3-17113306c0bb3300,3,三星_手机_其他,,
22,dd2ebc8e5a232017-ef8d5b6c9b0df8c0,3,三星_网站_乐园,,
22,61b469a2121bad64-f41f7cc63ab9ca20,3,三星_网站_报价,,
22,eb3132d81f39ead5-0b0a4ed75d67b130,3,三星_网站_报价,,
22,b86b3c00ba232017-ef8d5b6c9b0df8c0,3,三星_网站_乐园,,
22,b990f1846a39ead5-0b0a4ed75d67b130,3,三星_网站_报价,,
22,ed1c8a15d16db6ba-d5df7cc63ab9ca20,3,三星_网站_报价,,
22,ad51cdff711bad64-f41f7cc63ab9ca20,3,三星_网站_介绍,,
22,5d22421051d7bfdf-204bb090c6602790,3,三星_网站_报价,,
22,f049cc5c0c7369f4-e92a428f81d4a470,3,三星_网站_官网,,
22,a8dfe5dfd61bad64-f41f7cc63ab9ca20,3,三星_网站_报价,,
22,6e8a31901c39ead5-0b0a4ed75d67b130,3,三星_网站_报价,,
23,699fe0a9cc5388ea-0da8966db47af190,3,饥饿游戏_影视_介绍,,
23,85850169871a0f2b-d4975887e62335e0,3,饥饿游戏_影视_介绍,,
24,bf0a3d5673c70417-e6fe9859453b7460,3,心理测试_游戏_心理,,
24,e6e359cbf5a38d8f-73d3ecb815258a20,3,心理测试_网站_测试网,,
24,bfbdc268b3ed5d2b-8dc96e6165baef50,3,心理测试_游戏_小游戏,,
24,baff786a621e7f70-e904cb632f99c170,3,心理测试_游戏_抑郁症,,
24,74e27a5c03e3c0b7-8a61ccd1c1f31d90,3,心理测试_网站_测试网,,
24,b8bd1ffb79ea332a-27010326e2c95750,3,心理测试_游戏_小游戏,,
24,da38c4a5d3e96e25-06a1abb08b057450,3,心理测试_网站_测试网,,
24,f10a36022f0e76e9-264908a255a73ab0,3,心理测试_游戏_星座,,
24,9132ebeb67665bc7-101994b1d07b7a20,3,心理测试_游戏_心理,,
24,0ca2039c346223eb-7e107783d4cca6e0,3,心理测试_游戏_测试题,,
24,b2dcfd14f3100015-5791abb08b057450,3,心理测试_游戏_情感,,
24,a92a44dcbcc70417-e6fe9859453b7460,3,心理测试_游戏_心理,,
24,e2f5a78f4938174e-a46e9bfae6ad7400,3,心理测试_游戏_小游戏,,
24,cc9a745b36d81306-5ae03f45d6e2bdd0,3,心理测试_游戏_心理,,
24,eb605c7b52ba92fd-62f908a255a73ab0,3,心理测试_游戏_心理,,
24,b97ab0127c0336ee-f9779ae6aafcaad0,3,心理测试_游戏_测试题,,
24,e885c93bea6223eb-7e107783d4cca6e0,3,心理测试_网站_测试网,,
24,d24717d255100015-5791abb08b057450,3,心理测试_游戏_情感,,
24,ea903b823a8938d3-c3e6338befbbe020,3,心理测试_游戏_测试题,,
24,f37ac270dc299059-7b9140092f3337b0,3,心理测试_网站_测试网,,
24,2eb7cb24376223eb-7e107783d4cca6e0,3,心理测试_游戏_测试题,,
24,f16779dce20bd635-cb87502fef4d2600,3,心理测试_游戏_心理,,
24,3b52ba4ab4ff5fd7-8c1e835e1f1f3680,3,心理测试_游戏_测试题,,
24,d01be80e7b100015-5791abb08b057450,3,心理测试_游戏_测试题,,
24,9b4d753056100015-5791abb08b057450,3,心理测试_游戏_测试题,,
24,94e99749e203cb73-18c047588ca53b00,3,心理测试_游戏_大全,,
24,90b7a0e09a0bd635-cb87502fef4d2600,3,心理测试_游戏_测试题,,
24,f50f390a0ffbc4e4-fe25b8d0bd220800,3,心理测试_游戏_小游戏,,
24,f8ab9fb96d325658-d1579ae6aafcaad0,3,心理测试_游戏_测试题,,
24,d701625b7d100015-5791abb08b057450,3,心理测试_游戏_测试题,,
24,174f0b2ab1c9f5f5-5d61f783b0ebc700,3,心理测试_网站_测试网,,
24,3ce0ce8e6ded0789-ff1d78a40da7cb10,3,心理测试_游戏_小游戏,,
24,6ff178744d100015-5791abb08b057450,3,心理测试_网站_测试网,,
24,e1e4efaba0949ecd-f0f13306c0bb3300,3,心理测试_网站_测试网,,
24,b35849bd7f9b186e-34ba8b4e579d99c0,3,心理测试_网站_测试网,,
24,493b8e1c058429cf-0b3eefc865b1f140,3,心理测试_网站_测试网,,
25,e7e7f07919a63c0d-e2c66d115ed6e830,3,心理测试_游戏_社交,,
25,b4ef71e0fb45aeaf-483908a255a73ab0,3,椰岛_造型_官网,,
25,59e0846a5ea63c0d-e2c66d115ed6e830,3,椰岛_评价_资讯,,
25,897e6e0e421ddf95-13991da2f6f25ab0,3,椰岛_评价_资讯,,
25,7863cb481445aeaf-483908a255a73ab0,3,椰岛_造型_介绍,,
26,20da8566933babdb-e58b062efd3bcb50,3,野葛根_评价_副作用,,
26,9372b914bfd52dc0-2b0b912bec7f3b80,3,野葛根_评价_价格,,
26,19790d85bdab4b39-e507502fef4d2600,3,野葛根_植物_介绍,,
26,bed564a04c917971-6c0d6a4227f715d0,3,野葛根_功效_用途,,
26,bc2fadbc51030cca-1d1064b7e9cbc740,3,野葛根_功效_用途,,
26,97592950dcbe42c9-e7ca7c14fc2474d0,3,野葛根_功效_用途,,
26,b2172cc932c86b8f-7deac9cc51c1c180,3,野葛根_植物_提取物,,
26,e95b4b7c21d4782e-6397748232515d70,3,野葛根_植物_介绍,,
26,f4d7c46a9ddbb520-383ccae072c232a0,3,野葛根_植物_介绍,,
26,cdc9d4b23a101fbc-280ac8e29258de00,3,野葛根_植物_购买,,
26,67b92dc0b5c69664-88a4120f18abd2a0,3,野葛根_植物_介绍,,
26,ad08392f211c99c3-a5fac8e29258de00,3,野葛根_评价_价格,,
26,6aee5a797c4cec3b-1d05e9d92b61cce0,3,野葛根_植物_介绍,,
26,d415824d58509301-d414d7c6fb47b870,3,野葛根_功效_效果,,
26,b05d5f49ea4bb6a9-81776ae9ad3cdc40,3,野葛根_植物_介绍,,
26,15696af8ea38ca7c-06c00dd8d9b47b20,3,野葛根_功效_用途,,
26,f3216666f2149d66-4b472796b6e84280,3,野葛根_功效_用途,,
26,2a184deaeb917971-6c0d6a4227f715d0,3,野葛根_评价_价格,,
26,353a9f08b7a8997c-137629a9ee7a92d0,3,野葛根_评价_价格,,
26,a04d2749e88169ed-3c1b59d38e86e780,3,野葛根_植物_购买,,
26,55e18197b4d52dc0-2b0b912bec7f3b80,3,野葛根_评价_价格,,
26,6dc51b568da070ba-d7ec59a152605810,3,野葛根_植物_购买,,
26,8387d5210e125c95-80720c0b3ca7ecd0,3,野葛根_植物_购买,,
26,333a484e81d2b8b9-274ac8e29258de00,3,野葛根_评价_价格,,
26,4a845929dd917971-6c0d6a4227f715d0,3,野葛根_植物_介绍,,
26,97f0c34327917971-6c0d6a4227f715d0,3,野葛根_功效_用途,,
26,843132320e917971-6c0d6a4227f715d0,3,野葛根_评价_价格,,
26,edf2ed7b902a39f1-143834e96b157290,3,野葛根_功效_用途,,
26,12e93b2c11ab6f94-c9c89ddf05b7ac00,3,野葛根_评价_食用方法,,
26,d03a8f4874a2bb9d-3a6de82632d4a8f0,3,野葛根_植物_介绍,,
26,0ee514d3dc917971-6c0d6a4227f715d0,3,野葛根_评价_价格,,
26,f17ffa7c37509301-d414d7c6fb47b870,3,野葛根_产地_泰国,,
26,3a92c46787532002-b24f32f06cef7000,3,野葛根_产地_泰国,,
26,f543f34746624f69-16d94ec9943f09b0,3,野葛根_评价_副作用,,
26,017e3bac6ca070ba-d7ec59a152605810,3,野葛根_植物_提取物,,
26,e75e0e114e41ae31-7bc1495b013aae10,3,野葛根_品牌_圣荷,,
26,5e1472e033101fbc-280ac8e29258de00,3,野葛根_品牌_汤臣倍健,,
26,5aca5728119ca04f-c744120f18abd2a0,3,野葛根_品牌_汤臣倍健,,
26,cc8ac07e86101fbc-280ac8e29258de00,3,野葛根_植物_购买,,
26,f7e083946e3d7da9-af8c5afa22194580,3,野葛根_评价_副作用,,
26,36d7a3e554101fbc-280ac8e29258de00,3,野葛根_评价_价格,,
26,50e50c04014b556c-757cf3e271f6e620,3,野葛根_植物_购买,,
26,fba6b16b6dc86b8f-7deac9cc51c1c180,3,野葛根_植物_提取物,,
26,236345573d07f025-966ac8e29258de00,3,野葛根_植物_购买,,
26,3fd7f78fad101fbc-280ac8e29258de00,3,野葛根_评价_价格,,
26,835e121ddaae25d0-1b607783d4cca6e0,3,野葛根_产地_泰国,,
26,4200ea16a08383a4-b841c5404e5441d0,3,野葛根_植物_购买,,
26,d8f4a69f00917971-6c0d6a4227f715d0,3,野葛根_植物_购买,,
26,9bbdce6a041c99c3-a5fac8e29258de00,3,野葛根_评价_价格,,
26,858d5c3ea103e2cc-90bddfea86e293b0,3,野葛根_植物_介绍,,
26,299cc2f90cc1c739-caf0537fb213cd50,3,野葛根_植物_介绍,,
26,c756a1c2a25339bc-6d7e28d3ec8813f0,3,野葛根_植物_购买,,
26,a1b8ef77e45339bc-6d7e28d3ec8813f0,3,野葛根_植物_购买,,
26,f894fc4dc358b2ab-d1f4120f18abd2a0,3,野葛根_植物_介绍,,
27,7779e52fc2b40eda-74c8b97f17c754e0,3,秧歌_影音_下载,,
27,830bf9bd822936a6-908f0682e8017580,3,秧歌_知识_介绍,,
27,464353c9a68f20ea-1f55d9a362314a50,3,秧歌_知识_趣闻,,
27,e252bc18c2e81202-35cc5d9be9818880,3,秧歌_知识_介绍,,
27,d254772c667afb9d-b9ea748ebf0ce2e0,3,秧歌_知识_介绍,,
27,c1965b2041b52f1f-521545caec2396e0,3,秧歌_影音_视频,,
27,3270f3ddc72e3c47-bc50874b01e8f3d0,3,秧歌_知识_趣闻,,
27,64e23d4770884133-5cf64463397815e0,3,秧歌_影音_视频,,
27,508b63170d889100-d92cc9862f4440f0,3,秧歌_影音_下载,,
27,4e1e498c955d2377-9b35d766d7e65370,3,秧歌_知识_介绍,,
27,ac47954fc566fb53-70dff0208c4f86c0,3,秧歌_影音_下载,,
27,eaf71d3eea3ddd5b-8a453041b0b46f70,3,秧歌_知识_介绍,,
27,761d9c59c244670c-0e472fd52b3b6680,3,秧歌_知识_介绍,,
27,3d7ae40ace75a7c1-c10e782c9069a570,3,秧歌_知识_介绍,,
27,ae2d2e928e3ddd5b-8a453041b0b46f70,3,秧歌_知识_介绍,,
27,862dffe5178a71a2-b9f42f71826112e0,3,秧歌_影音_视频,,
27,4a92d5d50afc99db-2b4be1ccc55cb700,3,秧歌_影音_视频,,
27,ef1112064d884133-5cf64463397815e0,3,秧歌_影音_视频,,
27,c82b04f835ec577e-0161f8c8dae09750,3,秧歌_影音_视频,,
27,823ff0321b2e3c47-bc50874b01e8f3d0,3,秧歌_知识_介绍,,
27,7eaf0f43cecef5ab-a02d86d4ca034810,3,秧歌_影音_视频,,
27,6019f855b8da461e-ff8d8b511ae4c600,3,秧歌_知识_趣闻,,
27,d270ab0d53e53a02-2c2bf3d3d3434b90,3,秧歌_影音_下载,,
27,a4f019f7f1e53a02-2c2bf3d3d3434b90,3,秧歌_知识_趣闻,,
27,85d54255a2889100-d92cc9862f4440f0,3,秧歌_影音_下载,,
27,851c67ba33e304a7-e9fb571ccfaa9560,3,秧歌_知识_介绍,,
27,6dd0808925ec577e-0161f8c8dae09750,3,秧歌_知识_趣闻,,
27,f83f93a6f38a71a2-b9f42f71826112e0,3,秧歌_影音_视频,,
27,e770f1b4c28a71a2-b9f42f71826112e0,3,秧歌_影音_视频,,
27,4d3ef792e32e3c47-bc50874b01e8f3d0,3,秧歌_知识_介绍,,
27,6170340c2b884133-5cf64463397815e0,3,秧歌_影音_视频,,
27,6ea1f9a1e7cde955-096344d86dbe2b00,3,秧歌_知识_趣闻,,
27,9e7434fb2c889100-d92cc9862f4440f0,3,秧歌_影音_下载,,
27,0ce032c6be3ddd5b-8a453041b0b46f70,3,秧歌_知识_介绍,,
27,5c99b1a65a5b6710-8e1cf9a18cbf7ad0,3,秧歌_知识_趣闻,,
27,3f94ec3019759c9c-92c5c177ab6cc660,3,秧歌_影音_视频,,
27,bb0f83fd2b359630-56907783d4cca6e0,3,秧歌_影音_视频,,
27,ed320d261324fd29-b78cdccba0f3fa20,3,秧歌_知识_介绍,,
27,c16b5358db8a71a2-b9f42f71826112e0,3,秧歌_影音_视频,,
27,a335dcbc5c7634b5-d6fb0a918acb33c0,3,秧歌_影音_视频,,
27,b8adda15098a71a2-b9f42f71826112e0,3,秧歌_影音_视频,,
27,bed439c969da2142-69713306c0bb3300,3,秧歌_知识_趣闻,,
27,6f7790d97fb52f1f-521545caec2396e0,3,秧歌_影音_视频,,
27,a3051fe7ca49df4e-8e1a4924846038f0,3,秧歌_知识_趣闻,,
27,307ab4a7738a71a2-b9f42f71826112e0,3,秧歌_影音_视频,,
27,04efcedec542050a-d1b0bbcf01a92c40,3,秧歌_知识_介绍,,
27,9724f058a3b5f710-11ff75a4bf7644d0,3,秧歌_影音_下载,,
27,86959fad413ddd5b-8a453041b0b46f70,3,秧歌_知识_介绍,,
27,04d6d11f22da2142-69713306c0bb3300,3,秧歌_知识_趣闻,,
27,f6d340044c2e3c47-bc50874b01e8f3d0,3,秧歌_知识_趣闻,,
27,cdee99cc90da2142-69713306c0bb3300,3,秧歌_知识_趣闻,,
27,ec5d6d87b50ded41-828bb4da5f5cef30,3,秧歌_知识_趣闻,,
27,fdb2e6eddef4f490-9ea83ebf002b8180,3,秧歌_知识_介绍,,
28,6748d9e4d9ab4b39-e507502fef4d2600,3,卫子夫_历史人物_平阳公主,,
28,31490c6e26ab4b39-e507502fef4d2600,3,卫子夫_历史人物_兄弟,,
28,d5913f0e18fc4c59-502908a255a73ab0,3,卫子夫_历史人物_介绍,,
28,a79cc7f38b1aafc2-e6107783d4cca6e0,3,卫子夫_历史人物_汉武帝,,
28,d874ddb650ab4b39-e507502fef4d2600,3,卫子夫_电视剧_演员,,
28,ffcff5794dda2142-69713306c0bb3300,3,卫子夫_历史人物_介绍,,
28,75d6500265487d7d-f5c616e9410c4340,3,卫子夫_历史人物_小说,,
28,4cde79a21241c092-263908a255a73ab0,3,卫子夫_历史人物_介绍,,
28,194f07f9aa67c07b-e2228e0c88e0a770,3,卫子夫_历史人物_汉武帝,,
28,dfd5ecb158307e3c-4ec0ab1afc887d60,3,卫子夫_历史人物_小说,,
28,e20a40cc122b82f0-41cf6b82d3250a20,3,卫子夫_电视剧_大汉贤后卫子夫,,
28,e40a35e3d4ee5c89-933f7c2740946b80,3,卫子夫_历史人物_介绍,,
28,e94dd179a07c4d58-77b7502fef4d2600,3,卫子夫_历史人物_介绍,,
28,58c1466259a61d9a-ea9f7c2740946b80,3,卫子夫_历史人物_介绍,,
28,acd0bd675cab4b39-e507502fef4d2600,3,卫子夫_历史人物_陈阿娇,,
28,c68948ad01730b50-a56f7c2740946b80,3,卫子夫_历史人物_介绍,,
28,7f81bc0e73ab1b55-7349cbca21bb3c20,3,卫子夫_电视剧_大汉贤后卫子夫,,
28,cf807ec98a714341-3d807783d4cca6e0,3,卫子夫_电视剧_大汉贤后卫子夫,,
28,fe348e60c811aad7-6f556bb53590cd50,3,卫子夫_电视剧_大汉贤后卫子夫,,
28,a9aa7e0230a61d9a-ea9f7c2740946b80,3,卫子夫_历史人物_介绍,,
28,9ff6c479cd2db748-6611cfdd2598a490,3,卫子夫_电视剧_大汉贤后卫子夫,,
28,1d9a405dc32b82f0-41cf6b82d3250a20,3,卫子夫_历史人物_介绍,,
28,72a421f20e98ae96-68f49b51dc298af0,3,卫子夫_历史人物_小说,,
28,ea54d88c72089707-c248ff00b3131c40,3,卫子夫_历史人物_小说,,
28,eae04df4d043e78a-14aaa74aa8a4d360,3,卫子夫_历史人物_小说,,
28,275571f24ea61d9a-ea9f7c2740946b80,3,卫子夫_历史人物_小说,,
28,4a565a81fe8c3f1d-93d2489e2e991640,3,卫子夫_历史人物_小说,,
28,de419f79ace42ba9-eb192d10d79c3c60,3,卫子夫_历史人物_感情,,
28,c9e964cc5da61d9a-ea9f7c2740946b80,3,卫子夫_历史人物_小说,,
28,1fc80d9fa5da2142-69713306c0bb3300,3,卫子夫_历史人物_介绍,,
28,eb5cd7e2d3795e8a-730601bca9741270,3,卫子夫_电视剧_大汉贤后卫子夫,,
28,551778b9bfc37db1-71d7c58cac74bcb0,3,卫子夫_历史人物_介绍,,
28,176c971f0cfc4c59-502908a255a73ab0,3,卫子夫_历史人物_介绍,,
28,f92f29906d7c4d58-77b7502fef4d2600,3,卫子夫_电视剧_演员,,
28,e7348ae484a61d9a-ea9f7c2740946b80,3,卫子夫_历史人物_小说,,
28,8a89d6ff8ced9d4f-b7513306c0bb3300,3,卫子夫_历史人物_小说,,
28,a435819bd0ab4b39-e507502fef4d2600,3,卫子夫_电视剧_演员,,
28,8287f4c99fab4b39-e507502fef4d2600,3,卫子夫_电视剧_卫子夫,,
28,58dcc21d4b089707-c248ff00b3131c40,3,卫子夫_历史人物_小说,,
28,886e58cba6089707-c248ff00b3131c40,3,卫子夫_历史人物_小说,,
29,8b44a45d1d15066c-cfa5ce2f5c207020,3,佛教_网站_音乐网,,
29,ff840b27a0e6245e-d1bf75a4bf7644d0,3,佛教_网站_音乐,,
29,93d45a2e0c20055b-7a0294459f626780,3,佛教_网站_歌曲,,
29,e5567c08a89d1661-5292d2f54af283c0,3,佛教_网站_歌曲,,
29,de8a59eb88ca4a93-1300701c91f2ff40,3,佛教_网站_音乐,,
29,829464e137e6245e-d1bf75a4bf7644d0,3,佛教_网站_歌曲,,
29,5543b01fa05b107a-3215dcb8db777df0,3,佛教_音乐_李娜,,
29,86a89eba665d4bfd-d2c6dca0ef9bdb60,3,佛教_网站_介绍,,
29,df24be6d9d5d4bfd-d2c6dca0ef9bdb60,3,佛教_网站_歌曲,,
29,7ddae59ab16cf772-80429576244c9da0,3,佛教_音乐_李娜,,
29,ee4451be416b691a-c320701c91f2ff40,3,佛教_音乐_大全,,
29,e5851fc6d6c7f92c-331f223fba846e60,3,佛教_网站_歌曲,,
29,c5408509a793e301-906b12953456d1c0,3,佛教_网站_介绍,,
29,b642b2da50b5f710-11ff75a4bf7644d0,3,佛教_网站_音乐,,
29,d1ff1da31be6245e-d1bf75a4bf7644d0,3,佛教_网站_歌曲,,
29,a4c694136a6cf772-80429576244c9da0,3,佛教_网站_歌曲,,
29,a906d8fd1433c6c7-2c7e43448b530ad0,3,佛教_网站_介绍,,
29,9ed233199ab5f710-11ff75a4bf7644d0,3,佛教_音乐_大全,,
29,7efdb2f34493e301-906b12953456d1c0,3,佛教_网站_介绍,,
29,c5c4a50fcc5d4bfd-d2c6dca0ef9bdb60,3,佛教_网站_音乐,,
29,84c807788ad7ba07-29f98ebcedb30840,3,佛教_网站_歌曲,,
29,d2995788fbca4a93-1300701c91f2ff40,3,佛教_网站_歌曲,,
29,7d4326469d6cf772-80429576244c9da0,3,佛教_网站_佛教网,,
29,5b3c0fc33b68ebc4-937ec2eba8e32620,3,佛教_音乐_李娜,,
29,d7f5156892b5f710-11ff75a4bf7644d0,3,佛教_网站_歌曲,,
29,1e1ec0896ab5f710-11ff75a4bf7644d0,3,佛教_网站_音乐,,
29,f8b77efd53720417-91b114b0482b5830,3,佛教_网站_音乐网,,
29,5846916e5ce5e5d9-4e4b143a4aed4040,3,佛教_网站_歌曲,,
29,880cd73c2a9d1661-5292d2f54af283c0,3,佛教_网站_歌曲,,
29,e14de404cc0c3e9e-15abb453c02f3950,3,佛教_网站_介绍,,
29,ba4db71d8d9d1661-5292d2f54af283c0,3,佛教_网站_歌曲,,
29,f3b733856c10a6d0-d217bf7f78270620,3,佛教_网站_佛教网,,
29,6cdc1298a0725780-46908aacdd298b90,3,佛教_网站_音乐,,
29,f2f4f1d728e6245e-d1bf75a4bf7644d0,3,佛教_网站_音乐,,
30,5c7a21a266ed84be-263c8eb3fba6a710,3,浏览器_下载_火狐,,
30,4f8999c76cb9d4d9-fb01999261409cb0,3,浏览器_类别_评价,,
30,796b8d969757e84b-e6a426ac081c41b0,3,浏览器_下载_遨游,,
30,7c26333712a5ea0f-d51501fa1782b9e0,3,浏览器_下载_uc,,
30,f806b6c9ba1aee28-f03daf0a0e099d50,3,浏览器_下载_安全,,
30,499c0b3370f998ba-bb7ce1fdd3539e50,3,浏览器_下载_火狐,,
30,eab831632d77d31d-3e88770e048e5c60,3,浏览器_下载_火狐,,
30,49114b1269b021e2-d63267e65dad7b60,3,浏览器_类别_评价,,
30,988a6f71ac2c960c-573552140339f1d0,3,浏览器_下载_ie,,
30,05171ec7fe9a506a-7cab9555b2c40e50,3,浏览器_类别_评价,,
30,e27db0c5fdb29425-b639a57ed84a4110,3,浏览器_下载_火狐,,
30,d6106cb8ae1aee28-f03daf0a0e099d50,3,浏览器_下载_安全,,
30,8db3e9b0ad2c960c-573552140339f1d0,3,浏览器_下载_遨游,,
30,7dd661f49ac83720-6cc8cbb73a05b4c0,3,浏览器_下载_ie,,
30,696cb8e47ab9d4d9-fb01999261409cb0,3,浏览器_下载_遨游,,
30,b6a1fc40fdd81bf8-1f63552cdfb43920,3,浏览器_下载_360,,
30,5cc2dbe14c8ba407-157ee1d80c13aee0,3,浏览器_类别_评价,,
30,da439f38f62c960c-573552140339f1d0,3,浏览器_下载_ie,,
30,0d621db7e25db9a3-4870367dd36da6d0,3,浏览器_下载_火狐,,
30,29efcf8ebfb29425-b639a57ed84a4110,3,浏览器_下载_ie,,
30,e99e26a77cb9d4d9-fb01999261409cb0,3,浏览器_下载_360,,
30,6742064bb7b29425-b639a57ed84a4110,3,浏览器_类别_评价,,
30,572415354393c0b0-06e958d5691bf990,3,浏览器_下载_火狐,,
30,9337acd0652c960c-573552140339f1d0,3,浏览器_排行榜_下载排行榜,,
30,b6633ce98badcd71-aaddb5d4ef42b500,3,浏览器_下载_360,,
30,ec682ff19777d31d-3e88770e048e5c60,3,浏览器_下载_ie,,
30,d8e3a213de77d31d-3e88770e048e5c60,3,浏览器_下载_ie,,
30,f49ec3f37cc83720-6cc8cbb73a05b4c0,3,浏览器_类别_评价,,
30,36d46c3e22c8e871-67af7cc63ab9ca20,3,浏览器_排行榜_年度排行榜,,
30,86046ea775688412-3bf61fd07c813d60,3,浏览器_下载_火狐,,
30,dd0117e1782c960c-573552140339f1d0,3,浏览器_下载_tt,,
30,ee9c11eb0dd5dd80-4ae00af919d99770,3,浏览器_下载_火狐,,
30,5d0a152f47e1dc43-01f07783d4cca6e0,3,浏览器_类别_评价,,
30,937a0b6d14e56828-105afade4abf0be0,3,浏览器_下载_ie,,
30,b2ab7c8012ed84be-263c8eb3fba6a710,3,浏览器_类别_评价,,
30,679adede994ca8b7-be0bb090c6602790,3,浏览器_排行榜_下载排行榜,,
30,5f40de8dc33d41ba-221f3f9ac93a34d0,3,浏览器_下载_火狐,,
30,e4812785712abf1e-2ca56aefbccee180,3,浏览器_下载_ie,,
30,d1fbecb8cb542af5-91b7502fef4d2600,3,浏览器_下载_火狐,,
30,7c153eb371f3d92c-d01ef99ec5a39900,3,浏览器_下载_火狐,,
30,2340848224810731-e57c8253db7dc0b0,3,浏览器_下载_360,,
30,94ab50418ced84be-263c8eb3fba6a710,3,浏览器_下载_tt,,
30,fb564aacaac8f2ae-08747bd202f66a00,3,浏览器_下载_火狐,,
30,fd308e97e1ed84be-263c8eb3fba6a710,3,浏览器_类别_评价,,
30,822a1806622c960c-573552140339f1d0,3,浏览器_下载_360,,
30,5b9b11b58d2e7a8c-682908a255a73ab0,3,浏览器_下载_tt,,
30,2ea7538b263cfd63-896d11a7af5e3ff0,3,浏览器_下载_360,,
30,e2392e17aae59feb-6c61efc9db63df00,3,浏览器_下载_火狐,,
30,afc746967d2c960c-573552140339f1d0,3,浏览器_下载_遨游,,
30,af594d250b18881b-7c10f72d599ed250,3,浏览器_下载_火狐,,
30,3aa973ddd33bd76d-907449b63c360530,3,浏览器_下载_火狐,,
30,fe423bac6ee50a45-20bdaf0a0e099d50,3,浏览器_排行榜_年度排行榜,,
31,78ccfac70bcc9bcf-a6613306c0bb3300,3,相亲节目_信息_新闻,,
31,bdcb1b231f85fbb5-0bd132b783eaa640,3,相亲节目_信息_新闻,,
31,177417e3106ded08-38f41eaa16ab60a0,3,相亲节目_信息_新闻,,
31,a241682cac498085-150aa74aa8a4d360,3,相亲节目_信息_新闻,,
31,c2c73c0f5525d8e5-9d229b3206e47120,3,相亲节目_名称_电视节目,,
31,83b30ba3e269a658-ea59d407333ae700,3,相亲节目_名称_电视节目,,
31,952d39353f304b3d-2064aec0a46c4f90,3,相亲节目_信息_新闻,,
31,0d904a743b144912-f770ab1afc887d60,3,相亲节目_名称_电视节目,,
31,ca654bce04177564-c4a61a82379d5360,3,相亲节目_信息_介绍,,
31,f40a19455e04a87c-ccb5d9a362314a50,3,相亲节目_信息_真实性,,
31,b2c0a3bfb4714341-3d807783d4cca6e0,3,相亲节目_信息_新闻,,
31,4bf5dd0963f00627-ec11f5c0904c0dc0,3,相亲节目_名称_电视节目,,
32,c9a14fe93f1aafc2-e6107783d4cca6e0,3,哈利波特_电影_阿兹卡班的囚徒,,
32,dc94848e07b2b033-89df5fc289896550,3,哈利波特_系列_第七部,,
32,16c861535206d35f-b19023651f153430,3,哈利波特_电影_死亡圣器,,
32,16aea06a8b53150d-dda5d9a362314a50,3,哈利波特_电影_哈利波特与魔法石,,
32,ec981c353336ed5c-d5a0bd7f3f0ceb50,3,哈利波特_电影_死亡圣器,,
32,9f1684e514cc9bcf-a6613306c0bb3300,3,哈利波特_电影_凤凰会的密令,,
32,a943ab2c904cee49-f0714077d6d90210,3,哈利波特_电影_死亡圣器,,
32,9475ee6b38a1d4a3-93f3746e0bc3b710,3,哈利波特_电影_全集,,
32,6fcf9fb76d1aafc2-e6107783d4cca6e0,3,哈利波特_电影_哈利波特与魔法石,,
32,98bc8514f6c67b83-d40a69535e748ca0,3,哈利波特_电影_哈利波特与魔法石,,
32,994b0b10f8cfc036-bf8c5825e29e7c70,3,哈利波特_电影_凤凰会的密令,,
32,d7bc47ffbfeb62a2-c197b9f0c645d800,3,哈利波特_系列_解析,,
32,df893599d425434a-620a191c9de8a3f0,3,哈利波特_系列_第七部,,
32,db239c445c4710e7-e105c177ab6cc660,3,哈利波特_电影_全集,,
32,66cdb06a77d9f2f0-cf542f71826112e0,3,哈利波特_电影_全集,,
32,55a3b0da46d9f2f0-cf542f71826112e0,3,哈利波特_电影_全集,,
32,3b06a1363e0ed28d-279141e4683fe970,3,哈利波特_电影_哈利波特与魔法石,,
32,be3d147ac2714341-3d807783d4cca6e0,3,哈利波特_电影_消失的密室,,
32,afd70e7e9620df04-a51989e482543d40,3,哈利波特_电影_死亡圣器,,
32,c6a05cdf2242b69a-644b5a946ba84ff0,3,哈利波特_电影_消失的密室,,
32,5efdeea504714341-3d807783d4cca6e0,3,哈利波特_系列_第三部,,
32,7ca751558ad9f2f0-cf542f71826112e0,3,哈利波特_电影_凤凰会的密令,,
32,f23ed9474c759c9c-92c5c177ab6cc660,3,哈利波特_电影_火焰杯,,
32,274ab2fc5ce9b51b-28a8be8b05782380,3,哈利波特_电影_阿兹卡班的囚徒,,
32,d123248d59a328ec-65713306c0bb3300,3,哈利波特_系列_解析,,
32,e7ba53acfc3df1be-9b7c2184a7b78490,3,哈利波特_电影_死亡圣器,,
32,f80118ca7c7c4d58-77b7502fef4d2600,3,哈利波特_网站_电影下载,,
32,f66b12e45ad9f2f0-cf542f71826112e0,3,哈利波特_电影_全集,,
32,507ecd259f714341-3d807783d4cca6e0,3,哈利波特_电影_哈利波特与魔法石,,
32,9aa329da77cc9bcf-a6613306c0bb3300,3,哈利波特_电影_凤凰会的密令,,
32,8b1925882503cb73-18c047588ca53b00,3,哈利波特_电影_阿兹卡班的囚徒,,
32,cbf32d9e5903cb73-18c047588ca53b00,3,哈利波特_电影_阿兹卡班的囚徒,,
32,b24b9a01ccd9f2f0-cf542f71826112e0,3,哈利波特_系列_第七部,,
32,a026c3d1db0b57d5-e2d989e482543d40,3,哈利波特_电影_死亡圣器,,
32,420538ef5303cb73-18c047588ca53b00,3,哈利波特_电影_阿兹卡班的囚徒,,
32,d5ba2a7a6ea1d4a3-93f3746e0bc3b710,3,哈利波特_电影_全集,,
32,6cd02e25f4162811-5bf908a255a73ab0,3,哈利波特_电影_哈利波特与魔法石,,
32,f67a3fca5d03cb73-18c047588ca53b00,3,哈利波特_电影_死亡圣器,,
32,9761ee9bb8e9b51b-28a8be8b05782380,3,哈利波特_系列_第二部,,
32,f107de28a6a328ec-65713306c0bb3300,3,哈利波特_系列_解析,,
32,bf15230ce6cf79eb-b31365536f5bd610,3,哈利波特_电影_全集,,
32,f598c06956555ed3-fe3fc083219e5370,3,哈利波特_电影_阿兹卡班的囚徒,,
32,fd98e32080680b34-3786e160911973b0,3,哈利波特_系列_知识,,
