runname,id,nDCG@0050,D#nDCG@0050,I-rec@0050
THUSAM-S-E-1A,0051,0.5886,0.5057,0.4286
THUSAM-S-E-1A,0052,0.2723,0.3577,0.4286
THUSAM-S-E-1A,0053,0.8635,0.7286,0.6
THUSAM-S-E-1A,0054,0.2759,0.3508,0.4118
THUSAM-S-E-1A,0055,0.7536,0.6219,0.5
THUSAM-S-E-1A,0056,0.1326,0.0949,0.05
THUSAM-S-E-1A,0057,0.4817,0.5505,0.625
THUSAM-S-E-1A,0058,0.713,0.5802,0.4545
THUSAM-S-E-1A,0059,0.5399,0.5562,0.5882
THUSAM-S-E-1A,0060,0.0,0.0,0.0
THUSAM-S-E-1A,0061,0.702,0.5721,0.4545
THUSAM-S-E-1A,0062,0.7802,0.6018,0.4286
THUSAM-S-E-1A,0063,0.9371,0.6198,0.3
THUSAM-S-E-1A,0064,0.8603,0.7043,0.5556
THUSAM-S-E-1A,0065,0.8039,0.5632,0.3333
THUSAM-S-E-1A,0066,0.6162,0.4988,0.3684
THUSAM-S-E-1A,0067,0.0,0.0,0.0
THUSAM-S-E-1A,0068,0.9365,0.8957,0.8571
THUSAM-S-E-1A,0069,0.0784,0.127,0.1818
THUSAM-S-E-1A,0070,0.3315,0.6503,1.0
THUSAM-S-E-1A,0071,0.4921,0.5169,0.5455
THUSAM-S-E-1A,0072,0.4137,0.5468,0.6667
THUSAM-S-E-1A,0073,0.6472,0.628,0.6
THUSAM-S-E-1A,0074,0.375,0.2977,0.25
THUSAM-S-E-1A,0075,0.5696,0.4396,0.3077
THUSAM-S-E-1A,0076,0.0,0.0,0.0
THUSAM-S-E-1A,0077,0.3679,0.4234,0.4667
THUSAM-S-E-1A,0078,0.7254,0.7148,0.7143
THUSAM-S-E-1A,0079,0.654,0.5543,0.4667
THUSAM-S-E-1A,0080,0.7782,0.6615,0.5385
THUSAM-S-E-1A,0081,0.6908,0.6238,0.5625
THUSAM-S-E-1A,0082,0.3148,0.4625,0.6154
THUSAM-S-E-1A,0083,0.6617,0.5066,0.3529
THUSAM-S-E-2A,0051,0.3612,0.4097,0.4762
THUSAM-S-E-2A,0052,0.4986,0.505,0.5
THUSAM-S-E-2A,0053,0.6296,0.6093,0.6
THUSAM-S-E-2A,0054,0.6553,0.6226,0.5882
THUSAM-S-E-2A,0055,0.3709,0.3671,0.3889
THUSAM-S-E-2A,0056,0.3037,0.2432,0.2
THUSAM-S-E-2A,0057,0.301,0.4244,0.5625
THUSAM-S-E-2A,0058,0.4066,0.3286,0.2727
THUSAM-S-E-2A,0059,0.4493,0.6057,0.7647
THUSAM-S-E-2A,0060,0.0609,0.1325,0.2
THUSAM-S-E-2A,0061,0.6226,0.6232,0.6364
THUSAM-S-E-2A,0062,0.7379,0.7926,0.8571
THUSAM-S-E-2A,0063,0.6437,0.5635,0.5
THUSAM-S-E-2A,0064,0.751,0.7642,0.7778
THUSAM-S-E-2A,0065,0.2917,0.4478,0.6
THUSAM-S-E-2A,0066,0.6488,0.5033,0.3684
THUSAM-S-E-2A,0067,0.0,0.0,0.0
THUSAM-S-E-2A,0068,0.5058,0.6704,0.8571
THUSAM-S-E-2A,0069,0.0784,0.127,0.1818
THUSAM-S-E-2A,0070,0.3315,0.6503,1.0
THUSAM-S-E-2A,0071,0.6047,0.7081,0.8182
THUSAM-S-E-2A,0072,0.7368,0.8097,0.8889
THUSAM-S-E-2A,0073,0.4903,0.5065,0.5333
THUSAM-S-E-2A,0074,0.375,0.2977,0.25
THUSAM-S-E-2A,0075,0.489,0.6346,0.7692
THUSAM-S-E-2A,0076,0.0,0.0,0.0
THUSAM-S-E-2A,0077,0.0897,0.1765,0.2667
THUSAM-S-E-2A,0078,0.6334,0.7365,0.8571
THUSAM-S-E-2A,0079,0.5522,0.3804,0.2
THUSAM-S-E-2A,0080,0.3915,0.4586,0.5385
THUSAM-S-E-2A,0081,0.2141,0.3191,0.4375
THUSAM-S-E-2A,0082,0.5874,0.5958,0.6154
THUSAM-S-E-2A,0083,0.4577,0.6028,0.7647
UM13-S-E-2A,0051,0.1371,0.1023,0.0952
UM13-S-E-2A,0052,0.0,0.0,0.0
UM13-S-E-2A,0053,0.0,0.0,0.0
UM13-S-E-2A,0054,0.0,0.0,0.0
UM13-S-E-2A,0055,0.0,0.0,0.0
UM13-S-E-2A,0056,0.0,0.0,0.0
UM13-S-E-2A,0057,0.0,0.0,0.0
UM13-S-E-2A,0058,0.0935,0.0931,0.0909
UM13-S-E-2A,0059,0.0,0.0,0.0
UM13-S-E-2A,0060,0.0,0.0,0.0
UM13-S-E-2A,0061,0.0,0.0,0.0
UM13-S-E-2A,0062,0.0,0.0,0.0
UM13-S-E-2A,0063,0.0,0.0,0.0
UM13-S-E-2A,0064,0.0,0.0,0.0
UM13-S-E-2A,0065,0.0,0.0,0.0
UM13-S-E-2A,0066,0.0,0.0,0.0
UM13-S-E-2A,0067,0.0,0.0,0.0
UM13-S-E-2A,0068,0.0,0.0,0.0
UM13-S-E-2A,0069,0.0,0.0,0.0
UM13-S-E-2A,0070,0.0,0.0,0.0
UM13-S-E-2A,0071,0.0,0.0,0.0
UM13-S-E-2A,0072,0.0,0.0,0.0
UM13-S-E-2A,0073,0.0,0.0,0.0
UM13-S-E-2A,0074,0.0,0.0,0.0
UM13-S-E-2A,0075,0.0,0.0,0.0
UM13-S-E-2A,0076,0.0,0.0,0.0
UM13-S-E-2A,0077,0.0,0.0,0.0
UM13-S-E-2A,0078,0.0,0.0,0.0
UM13-S-E-2A,0079,0.0,0.0,0.0
UM13-S-E-2A,0080,0.0,0.0,0.0
UM13-S-E-2A,0081,0.0,0.0,0.0
UM13-S-E-2A,0082,0.0,0.0,0.0
UM13-S-E-2A,0083,0.0,0.0,0.0
hultech-S-E-1A,0051,0.4091,0.2535,0.0952
hultech-S-E-1A,0052,0.3142,0.3423,0.3571
hultech-S-E-1A,0053,0.685,0.5982,0.5
hultech-S-E-1A,0054,0.6305,0.5191,0.4118
hultech-S-E-1A,0055,0.8535,0.5915,0.3333
hultech-S-E-1A,0056,0.1916,0.1688,0.15
hultech-S-E-1A,0057,0.7358,0.5591,0.375
hultech-S-E-1A,0058,0.8472,0.7424,0.6364
hultech-S-E-1A,0059,0.6088,0.4799,0.3529
hultech-S-E-1A,0060,0.9458,0.6741,0.4
hultech-S-E-1A,0061,0.8238,0.6852,0.5455
hultech-S-E-1A,0062,0.9193,0.8919,0.8571
hultech-S-E-1A,0063,0.8426,0.6694,0.5
hultech-S-E-1A,0064,0.7703,0.7767,0.7778
hultech-S-E-1A,0065,0.9335,0.5665,0.2
hultech-S-E-1A,0066,0.6717,0.518,0.3684
hultech-S-E-1A,0067,0.0,0.0,0.0
hultech-S-E-1A,0068,0.955,0.8346,0.7143
hultech-S-E-1A,0069,0.4959,0.4376,0.3636
hultech-S-E-1A,0070,0.6631,0.8434,1.0
hultech-S-E-1A,0071,0.8623,0.658,0.4545
hultech-S-E-1A,0072,0.7356,0.6552,0.5556
hultech-S-E-1A,0073,0.756,0.6121,0.4667
hultech-S-E-1A,0074,0.8417,0.5433,0.25
hultech-S-E-1A,0075,0.932,0.6571,0.3846
hultech-S-E-1A,0076,0.38,0.3518,0.3333
hultech-S-E-1A,0077,0.4822,0.4406,0.4
hultech-S-E-1A,0078,0.8874,0.8717,0.8571
hultech-S-E-1A,0079,0.5165,0.4855,0.4667
hultech-S-E-1A,0080,0.7556,0.7216,0.6923
hultech-S-E-1A,0081,0.5296,0.4581,0.375
hultech-S-E-1A,0082,0.668,0.6776,0.6923
hultech-S-E-1A,0083,0.6973,0.7025,0.7059
UM13-S-E-3A,0051,0.1025,0.098,0.0952
UM13-S-E-3A,0052,0.0,0.0,0.0
UM13-S-E-3A,0053,0.0,0.0,0.0
UM13-S-E-3A,0054,0.0,0.0,0.0
UM13-S-E-3A,0055,0.0,0.0,0.0
UM13-S-E-3A,0056,0.0,0.0,0.0
UM13-S-E-3A,0057,0.0,0.0,0.0
UM13-S-E-3A,0058,0.0393,0.0621,0.0909
UM13-S-E-3A,0059,0.0,0.0,0.0
UM13-S-E-3A,0060,0.0,0.0,0.0
UM13-S-E-3A,0061,0.0,0.0,0.0
UM13-S-E-3A,0062,0.0,0.0,0.0
UM13-S-E-3A,0063,0.0,0.0,0.0
UM13-S-E-3A,0064,0.0,0.0,0.0
UM13-S-E-3A,0065,0.0,0.0,0.0
UM13-S-E-3A,0066,0.0,0.0,0.0
UM13-S-E-3A,0067,0.0,0.0,0.0
UM13-S-E-3A,0068,0.0,0.0,0.0
UM13-S-E-3A,0069,0.0,0.0,0.0
UM13-S-E-3A,0070,0.0,0.0,0.0
UM13-S-E-3A,0071,0.0,0.0,0.0
UM13-S-E-3A,0072,0.0,0.0,0.0
UM13-S-E-3A,0073,0.0,0.0,0.0
UM13-S-E-3A,0074,0.0,0.0,0.0
UM13-S-E-3A,0075,0.0,0.0,0.0
UM13-S-E-3A,0076,0.0,0.0,0.0
UM13-S-E-3A,0077,0.0,0.0,0.0
UM13-S-E-3A,0078,0.0,0.0,0.0
UM13-S-E-3A,0079,0.0,0.0,0.0
UM13-S-E-3A,0080,0.0,0.0,0.0
UM13-S-E-3A,0081,0.0,0.0,0.0
UM13-S-E-3A,0082,0.0,0.0,0.0
UM13-S-E-3A,0083,0.0,0.0,0.0
KLE-S-E-2A,0051,0.6306,0.5731,0.5238
KLE-S-E-2A,0052,0.6029,0.6886,0.7857
KLE-S-E-2A,0053,0.6441,0.7737,0.9
KLE-S-E-2A,0054,0.6224,0.6992,0.7647
KLE-S-E-2A,0055,0.6667,0.6137,0.5556
KLE-S-E-2A,0056,0.3192,0.2828,0.25
KLE-S-E-2A,0057,0.4815,0.5895,0.6875
KLE-S-E-2A,0058,0.82,0.8685,0.9091
KLE-S-E-2A,0059,0.5961,0.7369,0.8824
KLE-S-E-2A,0060,0.9008,0.9497,1.0
KLE-S-E-2A,0061,0.8401,0.7371,0.6364
KLE-S-E-2A,0062,0.8679,0.8669,0.8571
KLE-S-E-2A,0063,0.8579,0.6755,0.5
KLE-S-E-2A,0064,0.8098,0.7933,0.7778
KLE-S-E-2A,0065,0.8138,0.6513,0.4667
KLE-S-E-2A,0066,0.6567,0.6733,0.6842
KLE-S-E-2A,0067,0.9437,0.7218,0.5
KLE-S-E-2A,0068,0.9329,0.8951,0.8571
KLE-S-E-2A,0069,0.7513,0.7339,0.7273
KLE-S-E-2A,0070,0.8594,0.9264,1.0
KLE-S-E-2A,0071,0.8973,0.9017,0.9091
KLE-S-E-2A,0072,0.8009,0.8996,1.0
KLE-S-E-2A,0073,0.6841,0.7454,0.8
KLE-S-E-2A,0074,0.9241,0.7735,0.625
KLE-S-E-2A,0075,0.8133,0.7529,0.6923
KLE-S-E-2A,0076,0.4451,0.4743,0.5
KLE-S-E-2A,0077,0.5187,0.5634,0.6
KLE-S-E-2A,0078,0.9088,0.9542,1.0
KLE-S-E-2A,0079,0.861,0.7285,0.6
KLE-S-E-2A,0080,0.8085,0.7935,0.7692
KLE-S-E-2A,0081,0.5062,0.5742,0.625
KLE-S-E-2A,0082,0.7705,0.8485,0.9231
KLE-S-E-2A,0083,0.6577,0.7678,0.8824
Sem13-S-E-4A,0051,0.2391,0.2076,0.1905
Sem13-S-E-4A,0052,0.169,0.2575,0.3571
Sem13-S-E-4A,0053,0.1049,0.2551,0.4
Sem13-S-E-4A,0054,0.1377,0.249,0.3529
Sem13-S-E-4A,0055,0.1137,0.1981,0.2778
Sem13-S-E-4A,0056,0.0962,0.1758,0.25
Sem13-S-E-4A,0057,0.1933,0.3527,0.5
Sem13-S-E-4A,0058,0.1359,0.3448,0.5455
Sem13-S-E-4A,0059,0.184,0.273,0.3529
Sem13-S-E-4A,0060,0.1526,0.4802,0.8
Sem13-S-E-4A,0061,0.1752,0.3182,0.4545
Sem13-S-E-4A,0062,0.2572,0.4932,0.7143
Sem13-S-E-4A,0063,0.3404,0.3586,0.4
Sem13-S-E-4A,0064,0.1146,0.3939,0.6667
Sem13-S-E-4A,0065,0.1191,0.2628,0.4
Sem13-S-E-4A,0066,0.1385,0.2568,0.3684
Sem13-S-E-4A,0067,0.0,0.0,0.0
Sem13-S-E-4A,0068,0.143,0.2895,0.4286
Sem13-S-E-4A,0069,0.13,0.2504,0.3636
Sem13-S-E-4A,0070,0.2226,0.6177,1.0
Sem13-S-E-4A,0071,0.2307,0.3488,0.4545
Sem13-S-E-4A,0072,0.1118,0.2812,0.4444
Sem13-S-E-4A,0073,0.1223,0.2649,0.4
Sem13-S-E-4A,0074,0.1079,0.1819,0.25
Sem13-S-E-4A,0075,0.1321,0.2233,0.3077
Sem13-S-E-4A,0076,0.1183,0.2253,0.3333
Sem13-S-E-4A,0077,0.0872,0.2798,0.4667
Sem13-S-E-4A,0078,0.1686,0.5175,0.8571
Sem13-S-E-4A,0079,0.0,0.0,0.0
Sem13-S-E-4A,0080,0.1578,0.4295,0.6923
Sem13-S-E-4A,0081,0.1903,0.4132,0.625
Sem13-S-E-4A,0082,0.1187,0.4089,0.6923
Sem13-S-E-4A,0083,0.1906,0.4205,0.6471
KLE-S-E-3A,0051,0.4971,0.4931,0.4762
KLE-S-E-3A,0052,0.5189,0.5895,0.6429
KLE-S-E-3A,0053,0.6797,0.6828,0.7
KLE-S-E-3A,0054,0.6946,0.6961,0.7059
KLE-S-E-3A,0055,0.7351,0.6689,0.6111
KLE-S-E-3A,0056,0.2894,0.2699,0.25
KLE-S-E-3A,0057,0.5762,0.6573,0.75
KLE-S-E-3A,0058,0.824,0.9172,1.0
KLE-S-E-3A,0059,0.5585,0.691,0.8235
KLE-S-E-3A,0060,0.8831,0.9421,1.0
KLE-S-E-3A,0061,0.8625,0.7058,0.5455
KLE-S-E-3A,0062,0.8911,0.8778,0.8571
KLE-S-E-3A,0063,0.8061,0.6002,0.4
KLE-S-E-3A,0064,0.7647,0.8845,1.0
KLE-S-E-3A,0065,0.8928,0.6797,0.4667
KLE-S-E-3A,0066,0.5763,0.6407,0.6842
KLE-S-E-3A,0067,0.9374,0.7185,0.5
KLE-S-E-3A,0068,0.9312,0.8948,0.8571
KLE-S-E-3A,0069,0.7287,0.7233,0.7273
KLE-S-E-3A,0070,0.9501,0.9758,1.0
KLE-S-E-3A,0071,0.8728,0.801,0.7273
KLE-S-E-3A,0072,0.8471,0.9223,1.0
KLE-S-E-3A,0073,0.7302,0.768,0.8
KLE-S-E-3A,0074,0.9669,0.8585,0.75
KLE-S-E-3A,0075,0.8586,0.7334,0.6154
KLE-S-E-3A,0076,0.5924,0.5429,0.5
KLE-S-E-3A,0077,0.5282,0.5957,0.6667
KLE-S-E-3A,0078,0.9117,0.9564,1.0
KLE-S-E-3A,0079,0.8177,0.7395,0.6667
KLE-S-E-3A,0080,0.7904,0.8223,0.8462
KLE-S-E-3A,0081,0.4898,0.5337,0.5625
KLE-S-E-3A,0082,0.7519,0.8011,0.8462
KLE-S-E-3A,0083,0.6371,0.7608,0.8824
hultech-S-E-3A,0051,0.4091,0.2535,0.0952
hultech-S-E-3A,0052,0.3142,0.3423,0.3571
hultech-S-E-3A,0053,0.685,0.5982,0.5
hultech-S-E-3A,0054,0.6305,0.5191,0.4118
hultech-S-E-3A,0055,0.8535,0.5915,0.3333
hultech-S-E-3A,0056,0.1916,0.1688,0.15
hultech-S-E-3A,0057,0.7358,0.5591,0.375
hultech-S-E-3A,0058,0.8472,0.7424,0.6364
hultech-S-E-3A,0059,0.6088,0.4799,0.3529
hultech-S-E-3A,0060,0.9458,0.6741,0.4
hultech-S-E-3A,0061,0.8238,0.6852,0.5455
hultech-S-E-3A,0062,0.9193,0.8919,0.8571
hultech-S-E-3A,0063,0.8426,0.6694,0.5
hultech-S-E-3A,0064,0.7703,0.7767,0.7778
hultech-S-E-3A,0065,0.9335,0.5665,0.2
hultech-S-E-3A,0066,0.6717,0.518,0.3684
hultech-S-E-3A,0067,0.0,0.0,0.0
hultech-S-E-3A,0068,0.955,0.8346,0.7143
hultech-S-E-3A,0069,0.4959,0.4376,0.3636
hultech-S-E-3A,0070,0.6631,0.8434,1.0
hultech-S-E-3A,0071,0.8623,0.658,0.4545
hultech-S-E-3A,0072,0.7356,0.6552,0.5556
hultech-S-E-3A,0073,0.756,0.6121,0.4667
hultech-S-E-3A,0074,0.8417,0.5433,0.25
hultech-S-E-3A,0075,0.932,0.6571,0.3846
hultech-S-E-3A,0076,0.38,0.3518,0.3333
hultech-S-E-3A,0077,0.4822,0.4406,0.4
hultech-S-E-3A,0078,0.8874,0.8717,0.8571
hultech-S-E-3A,0079,0.5165,0.4855,0.4667
hultech-S-E-3A,0080,0.7556,0.7216,0.6923
hultech-S-E-3A,0081,0.5296,0.4581,0.375
hultech-S-E-3A,0082,0.668,0.6776,0.6923
hultech-S-E-3A,0083,0.6973,0.7025,0.7059
KLE-S-E-1A,0051,0.6315,0.5736,0.5238
KLE-S-E-1A,0052,0.6029,0.6886,0.7857
KLE-S-E-1A,0053,0.6293,0.716,0.8
KLE-S-E-1A,0054,0.6299,0.6737,0.7059
KLE-S-E-1A,0055,0.6678,0.6142,0.5556
KLE-S-E-1A,0056,0.3192,0.2828,0.25
KLE-S-E-1A,0057,0.4815,0.5895,0.6875
KLE-S-E-1A,0058,0.8226,0.8699,0.9091
KLE-S-E-1A,0059,0.5631,0.6899,0.8235
KLE-S-E-1A,0060,0.8776,0.9396,1.0
KLE-S-E-1A,0061,0.8401,0.7371,0.6364
KLE-S-E-1A,0062,0.8482,0.8564,0.8571
KLE-S-E-1A,0063,0.8592,0.6762,0.5
KLE-S-E-1A,0064,0.81,0.7933,0.7778
KLE-S-E-1A,0065,0.8001,0.6794,0.5333
KLE-S-E-1A,0066,0.6567,0.6733,0.6842
KLE-S-E-1A,0067,0.9437,0.7218,0.5
KLE-S-E-1A,0068,0.9222,0.818,0.7143
KLE-S-E-1A,0069,0.7513,0.7339,0.7273
KLE-S-E-1A,0070,0.9566,0.9779,1.0
KLE-S-E-1A,0071,0.8973,0.9017,0.9091
KLE-S-E-1A,0072,0.8106,0.9045,1.0
KLE-S-E-1A,0073,0.6841,0.7454,0.8
KLE-S-E-1A,0074,0.9744,0.8007,0.625
KLE-S-E-1A,0075,0.811,0.7517,0.6923
KLE-S-E-1A,0076,0.5918,0.5508,0.5
KLE-S-E-1A,0077,0.5027,0.5214,0.5333
KLE-S-E-1A,0078,0.9088,0.9542,1.0
KLE-S-E-1A,0079,0.8383,0.7165,0.6
KLE-S-E-1A,0080,0.8075,0.793,0.7692
KLE-S-E-1A,0081,0.4818,0.53,0.5625
KLE-S-E-1A,0082,0.7735,0.8501,0.9231
KLE-S-E-1A,0083,0.6399,0.7583,0.8824
udel-S-E-1A,0051,0.7246,0.5226,0.3333
udel-S-E-1A,0052,0.6066,0.6923,0.7857
udel-S-E-1A,0053,0.8097,0.7503,0.7
udel-S-E-1A,0054,0.657,0.5908,0.5294
udel-S-E-1A,0055,0.5498,0.5031,0.4444
udel-S-E-1A,0056,0.3088,0.5363,0.75
udel-S-E-1A,0057,0.6041,0.5809,0.5625
udel-S-E-1A,0058,0.7644,0.8815,1.0
udel-S-E-1A,0059,0.5424,0.5565,0.5882
udel-S-E-1A,0060,0.0683,0.236,0.4
udel-S-E-1A,0061,0.8313,0.8205,0.8182
udel-S-E-1A,0062,0.8422,0.7057,0.5714
udel-S-E-1A,0063,0.7952,0.7443,0.7
udel-S-E-1A,0064,0.7427,0.704,0.6667
udel-S-E-1A,0065,0.7879,0.7293,0.6667
udel-S-E-1A,0066,0.4067,0.3679,0.3158
udel-S-E-1A,0067,0.0,0.0,0.0
udel-S-E-1A,0068,0.9115,0.8116,0.7143
udel-S-E-1A,0069,0.0,0.0,0.0
udel-S-E-1A,0070,0.0,0.0,0.0
udel-S-E-1A,0071,0.0382,0.1109,0.1818
udel-S-E-1A,0072,0.0,0.0,0.0
udel-S-E-1A,0073,0.0103,0.0387,0.0667
udel-S-E-1A,0074,0.0,0.0,0.0
udel-S-E-1A,0075,0.8009,0.7417,0.6923
udel-S-E-1A,0076,0.0,0.0,0.0
udel-S-E-1A,0077,0.0,0.0,0.0
udel-S-E-1A,0078,0.0,0.0,0.0
udel-S-E-1A,0079,0.6668,0.5978,0.5333
udel-S-E-1A,0080,0.1497,0.1845,0.2308
udel-S-E-1A,0081,0.4639,0.609,0.75
udel-S-E-1A,0082,0.0,0.0,0.0
udel-S-E-1A,0083,0.6413,0.5238,0.4118
hultech-S-E-2A,0051,0.1771,0.1553,0.1429
hultech-S-E-2A,0052,0.1443,0.2523,0.3571
hultech-S-E-2A,0053,0.3415,0.4678,0.6
hultech-S-E-2A,0054,0.3207,0.3556,0.4118
hultech-S-E-2A,0055,0.4273,0.3391,0.2778
hultech-S-E-2A,0056,0.1379,0.1407,0.15
hultech-S-E-2A,0057,0.362,0.3924,0.4375
hultech-S-E-2A,0058,0.4659,0.5406,0.6364
hultech-S-E-2A,0059,0.3406,0.3378,0.3529
hultech-S-E-2A,0060,0.3834,0.3773,0.4
hultech-S-E-2A,0061,0.4057,0.4651,0.5455
hultech-S-E-2A,0062,0.4495,0.6438,0.8571
hultech-S-E-2A,0063,0.5268,0.5024,0.5
hultech-S-E-2A,0064,0.4021,0.6379,0.8889
hultech-S-E-2A,0065,0.4586,0.3156,0.2
hultech-S-E-2A,0066,0.329,0.2844,0.2632
hultech-S-E-2A,0067,0.0,0.0,0.0
hultech-S-E-2A,0068,0.5068,0.5268,0.5714
hultech-S-E-2A,0069,0.2755,0.3215,0.3636
hultech-S-E-2A,0070,0.3702,0.6888,1.0
hultech-S-E-2A,0071,0.4267,0.4285,0.4545
hultech-S-E-2A,0072,0.3496,0.4518,0.5556
hultech-S-E-2A,0073,0.4024,0.4246,0.4667
hultech-S-E-2A,0074,0.4,0.3103,0.25
hultech-S-E-2A,0075,0.484,0.3826,0.3077
hultech-S-E-2A,0076,0.1968,0.2556,0.3333
hultech-S-E-2A,0077,0.2669,0.3943,0.5333
hultech-S-E-2A,0078,0.4407,0.6362,0.8571
hultech-S-E-2A,0079,0.2997,0.3392,0.4
hultech-S-E-2A,0080,0.358,0.5121,0.6923
hultech-S-E-2A,0081,0.2495,0.3101,0.375
hultech-S-E-2A,0082,0.3219,0.4972,0.6923
hultech-S-E-2A,0083,0.3033,0.436,0.5882
Sem13-S-E-3A,0051,0.0574,0.0513,0.0476
Sem13-S-E-3A,0052,0.2772,0.3245,0.3571
Sem13-S-E-3A,0053,0.2477,0.4306,0.6
Sem13-S-E-3A,0054,0.1634,0.2324,0.2941
Sem13-S-E-3A,0055,0.1696,0.2551,0.3333
Sem13-S-E-3A,0056,0.1443,0.1762,0.2
Sem13-S-E-3A,0057,0.2397,0.3768,0.5
Sem13-S-E-3A,0058,0.3896,0.4118,0.4545
Sem13-S-E-3A,0059,0.2567,0.4191,0.5882
Sem13-S-E-3A,0060,0.133,0.3699,0.6
Sem13-S-E-3A,0061,0.2973,0.4737,0.6364
Sem13-S-E-3A,0062,0.2772,0.5744,0.8571
Sem13-S-E-3A,0063,0.3531,0.3638,0.4
Sem13-S-E-3A,0064,0.346,0.4394,0.5556
Sem13-S-E-3A,0065,0.3141,0.2839,0.2667
Sem13-S-E-3A,0066,0.2319,0.3058,0.3684
Sem13-S-E-3A,0067,0.0,0.0,0.0
Sem13-S-E-3A,0068,0.4782,0.6577,0.8571
Sem13-S-E-3A,0069,0.1698,0.2223,0.2727
Sem13-S-E-3A,0070,0.1137,0.22,0.3333
Sem13-S-E-3A,0071,0.1954,0.3291,0.4545
Sem13-S-E-3A,0072,0.1406,0.3517,0.5556
Sem13-S-E-3A,0073,0.1904,0.3342,0.4667
Sem13-S-E-3A,0074,0.1271,0.1912,0.25
Sem13-S-E-3A,0075,0.2001,0.2581,0.3077
Sem13-S-E-3A,0076,0.0795,0.2082,0.3333
Sem13-S-E-3A,0077,0.2488,0.281,0.3333
Sem13-S-E-3A,0078,0.1614,0.4419,0.7143
Sem13-S-E-3A,0079,0.2815,0.4476,0.6
Sem13-S-E-3A,0080,0.2327,0.391,0.5385
Sem13-S-E-3A,0081,0.2728,0.31,0.375
Sem13-S-E-3A,0082,0.1682,0.281,0.3846
Sem13-S-E-3A,0083,0.3309,0.5857,0.8235
KUIDL-S-E-1A,0051,0.2249,0.2823,0.3333
KUIDL-S-E-1A,0052,0.4897,0.4146,0.3571
KUIDL-S-E-1A,0053,0.5452,0.6146,0.7
KUIDL-S-E-1A,0054,0.4885,0.3871,0.2941
KUIDL-S-E-1A,0055,0.5229,0.5444,0.5556
KUIDL-S-E-1A,0056,0.3241,0.3397,0.35
KUIDL-S-E-1A,0057,0.3122,0.3692,0.4375
KUIDL-S-E-1A,0058,0.5766,0.6506,0.7273
KUIDL-S-E-1A,0059,0.2162,0.4055,0.5882
KUIDL-S-E-1A,0060,0.7293,0.8597,1.0
KUIDL-S-E-1A,0061,0.4877,0.51,0.5455
KUIDL-S-E-1A,0062,0.8302,0.8419,0.8571
KUIDL-S-E-1A,0063,0.8216,0.7065,0.6
KUIDL-S-E-1A,0064,0.5846,0.7336,0.8889
KUIDL-S-E-1A,0065,0.5013,0.4778,0.4667
KUIDL-S-E-1A,0066,0.2762,0.3263,0.3684
KUIDL-S-E-1A,0067,0.731,0.8602,1.0
KUIDL-S-E-1A,0068,0.6581,0.7511,0.8571
KUIDL-S-E-1A,0069,0.6031,0.4769,0.3636
KUIDL-S-E-1A,0070,0.8655,0.9294,1.0
KUIDL-S-E-1A,0071,0.6199,0.7127,0.8182
KUIDL-S-E-1A,0072,0.7069,0.7919,0.8889
KUIDL-S-E-1A,0073,0.6435,0.6567,0.6667
KUIDL-S-E-1A,0074,0.9301,0.7765,0.625
KUIDL-S-E-1A,0075,0.6599,0.5515,0.4615
KUIDL-S-E-1A,0076,0.6554,0.8291,1.0
KUIDL-S-E-1A,0077,0.4203,0.4496,0.4667
KUIDL-S-E-1A,0078,0.7281,0.7854,0.8571
KUIDL-S-E-1A,0079,0.5247,0.5899,0.6667
KUIDL-S-E-1A,0080,0.6334,0.6179,0.6154
KUIDL-S-E-1A,0081,0.4863,0.4578,0.4375
KUIDL-S-E-1A,0082,0.6796,0.6825,0.6923
KUIDL-S-E-1A,0083,0.1832,0.2994,0.4118
Sem13-S-E-5A,0051,0.2289,0.1781,0.1429
Sem13-S-E-5A,0052,0.1496,0.3285,0.5
Sem13-S-E-5A,0053,0.1578,0.3833,0.6
Sem13-S-E-5A,0054,0.1834,0.3325,0.4706
Sem13-S-E-5A,0055,0.2684,0.3352,0.3889
Sem13-S-E-5A,0056,0.0956,0.1755,0.25
Sem13-S-E-5A,0057,0.1307,0.2253,0.3125
Sem13-S-E-5A,0058,0.1591,0.3571,0.5455
Sem13-S-E-5A,0059,0.1472,0.1567,0.1765
Sem13-S-E-5A,0060,0.1934,0.5009,0.8
Sem13-S-E-5A,0061,0.2895,0.4253,0.5455
Sem13-S-E-5A,0062,0.2992,0.5142,0.7143
Sem13-S-E-5A,0063,0.3993,0.4381,0.5
Sem13-S-E-5A,0064,0.2026,0.6069,1.0
Sem13-S-E-5A,0065,0.2499,0.332,0.4
Sem13-S-E-5A,0066,0.099,0.2364,0.3684
Sem13-S-E-5A,0067,0.0,0.0,0.0
Sem13-S-E-5A,0068,0.3075,0.5895,0.8571
Sem13-S-E-5A,0069,0.1298,0.2503,0.3636
Sem13-S-E-5A,0070,0.1221,0.5636,1.0
Sem13-S-E-5A,0071,0.0868,0.1822,0.2727
Sem13-S-E-5A,0072,0.1242,0.2875,0.4444
Sem13-S-E-5A,0073,0.1087,0.2576,0.4
Sem13-S-E-5A,0074,0.1828,0.2213,0.25
Sem13-S-E-5A,0075,0.1348,0.2631,0.3846
Sem13-S-E-5A,0076,0.115,0.2238,0.3333
Sem13-S-E-5A,0077,0.0714,0.2042,0.3333
Sem13-S-E-5A,0078,0.1027,0.34,0.5714
Sem13-S-E-5A,0079,0.166,0.3542,0.5333
Sem13-S-E-5A,0080,0.1909,0.4852,0.7692
Sem13-S-E-5A,0081,0.2177,0.359,0.5
Sem13-S-E-5A,0082,0.0761,0.3095,0.5385
Sem13-S-E-5A,0083,0.194,0.422,0.6471
Sem13-S-E-1A,0051,0.2171,0.1857,0.1429
Sem13-S-E-1A,0052,0.2487,0.3807,0.5
Sem13-S-E-1A,0053,0.2236,0.3088,0.4
Sem13-S-E-1A,0054,0.2243,0.3236,0.4118
Sem13-S-E-1A,0055,0.2809,0.3691,0.4444
Sem13-S-E-1A,0056,0.1228,0.19,0.25
Sem13-S-E-1A,0057,0.3033,0.3291,0.375
Sem13-S-E-1A,0058,0.3468,0.5458,0.7273
Sem13-S-E-1A,0059,0.2151,0.4067,0.5882
Sem13-S-E-1A,0060,0.2494,0.53,0.8
Sem13-S-E-1A,0061,0.3562,0.3893,0.4545
Sem13-S-E-1A,0062,0.2572,0.5632,0.8571
Sem13-S-E-1A,0063,0.3822,0.5005,0.6
Sem13-S-E-1A,0064,0.3983,0.467,0.5556
Sem13-S-E-1A,0065,0.3141,0.2839,0.2667
Sem13-S-E-1A,0066,0.178,0.252,0.3158
Sem13-S-E-1A,0067,0.0,0.0,0.0
Sem13-S-E-1A,0068,0.3072,0.5179,0.7143
Sem13-S-E-1A,0069,0.1698,0.2223,0.2727
Sem13-S-E-1A,0070,0.2381,0.6249,1.0
Sem13-S-E-1A,0071,0.1954,0.3291,0.4545
Sem13-S-E-1A,0072,0.1406,0.3517,0.5556
Sem13-S-E-1A,0073,0.1757,0.2586,0.3333
Sem13-S-E-1A,0074,0.1271,0.1912,0.25
Sem13-S-E-1A,0075,0.3375,0.3105,0.3077
Sem13-S-E-1A,0076,0.1028,0.2211,0.3333
Sem13-S-E-1A,0077,0.2143,0.38,0.5333
Sem13-S-E-1A,0078,0.2193,0.5428,0.8571
Sem13-S-E-1A,0079,0.3267,0.4524,0.6
Sem13-S-E-1A,0080,0.3816,0.4494,0.5385
Sem13-S-E-1A,0081,0.2856,0.369,0.4375
Sem13-S-E-1A,0082,0.1903,0.2917,0.3846
Sem13-S-E-1A,0083,0.4605,0.6364,0.8235
UM13-S-E-1A,0051,0.1371,0.1023,0.0952
UM13-S-E-1A,0052,0.0,0.0,0.0
UM13-S-E-1A,0053,0.0,0.0,0.0
UM13-S-E-1A,0054,0.0,0.0,0.0
UM13-S-E-1A,0055,0.0,0.0,0.0
UM13-S-E-1A,0056,0.0,0.0,0.0
UM13-S-E-1A,0057,0.0,0.0,0.0
UM13-S-E-1A,0058,0.0935,0.0931,0.0909
UM13-S-E-1A,0059,0.0,0.0,0.0
UM13-S-E-1A,0060,0.0,0.0,0.0
UM13-S-E-1A,0061,0.0,0.0,0.0
UM13-S-E-1A,0062,0.0,0.0,0.0
UM13-S-E-1A,0063,0.0,0.0,0.0
UM13-S-E-1A,0064,0.0,0.0,0.0
UM13-S-E-1A,0065,0.0,0.0,0.0
UM13-S-E-1A,0066,0.0,0.0,0.0
UM13-S-E-1A,0067,0.0,0.0,0.0
UM13-S-E-1A,0068,0.0,0.0,0.0
UM13-S-E-1A,0069,0.0,0.0,0.0
UM13-S-E-1A,0070,0.0,0.0,0.0
UM13-S-E-1A,0071,0.0,0.0,0.0
UM13-S-E-1A,0072,0.0,0.0,0.0
UM13-S-E-1A,0073,0.0,0.0,0.0
UM13-S-E-1A,0074,0.0,0.0,0.0
UM13-S-E-1A,0075,0.0,0.0,0.0
UM13-S-E-1A,0076,0.0,0.0,0.0
UM13-S-E-1A,0077,0.0,0.0,0.0
UM13-S-E-1A,0078,0.0,0.0,0.0
UM13-S-E-1A,0079,0.0,0.0,0.0
UM13-S-E-1A,0080,0.0,0.0,0.0
UM13-S-E-1A,0081,0.0,0.0,0.0
UM13-S-E-1A,0082,0.0,0.0,0.0
UM13-S-E-1A,0083,0.0,0.0,0.0
TUTA1-S-E-1A,0051,0.2106,0.1421,0.0952
TUTA1-S-E-1A,0052,0.1619,0.2614,0.3571
TUTA1-S-E-1A,0053,0.3777,0.4758,0.6
TUTA1-S-E-1A,0054,0.2939,0.381,0.4706
TUTA1-S-E-1A,0055,0.3479,0.3252,0.3333
TUTA1-S-E-1A,0056,0.1867,0.1358,0.1
TUTA1-S-E-1A,0057,0.3676,0.4282,0.5
TUTA1-S-E-1A,0058,0.3847,0.4546,0.5455
TUTA1-S-E-1A,0059,0.2751,0.3122,0.3529
TUTA1-S-E-1A,0060,0.0,0.0,0.0
TUTA1-S-E-1A,0061,0.4603,0.4905,0.5455
TUTA1-S-E-1A,0062,0.4078,0.6201,0.8571
TUTA1-S-E-1A,0063,0.5082,0.4933,0.5
TUTA1-S-E-1A,0064,0.4321,0.7063,1.0
TUTA1-S-E-1A,0065,0.401,0.286,0.2
TUTA1-S-E-1A,0066,0.3268,0.3074,0.3158
TUTA1-S-E-1A,0067,0.0,0.0,0.0
TUTA1-S-E-1A,0068,0.4492,0.4978,0.5714
TUTA1-S-E-1A,0069,0.2294,0.2979,0.3636
TUTA1-S-E-1A,0070,0.1396,0.3934,0.6667
TUTA1-S-E-1A,0071,0.4599,0.4461,0.4545
TUTA1-S-E-1A,0072,0.3612,0.4485,0.5556
TUTA1-S-E-1A,0073,0.4368,0.4415,0.4667
TUTA1-S-E-1A,0074,0.1,0.1146,0.125
TUTA1-S-E-1A,0075,0.5155,0.4377,0.3846
TUTA1-S-E-1A,0076,0.1601,0.248,0.3333
TUTA1-S-E-1A,0077,0.1593,0.3462,0.5333
TUTA1-S-E-1A,0078,0.4398,0.6381,0.8571
TUTA1-S-E-1A,0079,0.3348,0.389,0.4667
TUTA1-S-E-1A,0080,0.349,0.5195,0.6923
TUTA1-S-E-1A,0081,0.3629,0.3608,0.375
TUTA1-S-E-1A,0082,0.1168,0.13,0.1538
TUTA1-S-E-1A,0083,0.3284,0.5073,0.7059
Sem13-S-E-2A,0051,0.1903,0.1706,0.1429
Sem13-S-E-2A,0052,0.3264,0.3721,0.4286
Sem13-S-E-2A,0053,0.2818,0.3284,0.4
Sem13-S-E-2A,0054,0.1754,0.2681,0.3529
Sem13-S-E-2A,0055,0.2875,0.3725,0.4444
Sem13-S-E-2A,0056,0.1227,0.1899,0.25
Sem13-S-E-2A,0057,0.2145,0.3637,0.5
Sem13-S-E-2A,0058,0.3644,0.5554,0.7273
Sem13-S-E-2A,0059,0.2445,0.4237,0.5882
Sem13-S-E-2A,0060,0.2141,0.5127,0.8
Sem13-S-E-2A,0061,0.3675,0.3972,0.4545
Sem13-S-E-2A,0062,0.2593,0.5643,0.8571
Sem13-S-E-2A,0063,0.5241,0.5527,0.6
Sem13-S-E-2A,0064,0.4377,0.6717,0.8889
Sem13-S-E-2A,0065,0.2497,0.2652,0.2667
Sem13-S-E-2A,0066,0.2202,0.3001,0.3684
Sem13-S-E-2A,0067,0.0,0.0,0.0
Sem13-S-E-2A,0068,0.4368,0.5637,0.7143
Sem13-S-E-2A,0069,0.1387,0.1626,0.1818
Sem13-S-E-2A,0070,0.2069,0.6076,1.0
Sem13-S-E-2A,0071,0.2031,0.2876,0.3636
Sem13-S-E-2A,0072,0.0318,0.1278,0.2222
Sem13-S-E-2A,0073,0.2875,0.3378,0.4
Sem13-S-E-2A,0074,0.1084,0.1815,0.25
Sem13-S-E-2A,0075,0.2006,0.2583,0.3077
Sem13-S-E-2A,0076,0.1027,0.221,0.3333
Sem13-S-E-2A,0077,0.2034,0.4416,0.6667
Sem13-S-E-2A,0078,0.2088,0.5373,0.8571
Sem13-S-E-2A,0079,0.2908,0.3669,0.4667
Sem13-S-E-2A,0080,0.1924,0.3696,0.5385
Sem13-S-E-2A,0081,0.1965,0.2814,0.375
Sem13-S-E-2A,0082,0.1651,0.2707,0.3846
Sem13-S-E-2A,0083,0.3145,0.4442,0.5882
hultech-S-E-4A,0051,0.1622,0.1236,0.0952
hultech-S-E-4A,0052,0.1353,0.2484,0.3571
hultech-S-E-4A,0053,0.3415,0.4678,0.6
hultech-S-E-4A,0054,0.3476,0.399,0.4706
hultech-S-E-4A,0055,0.3943,0.3219,0.2778
hultech-S-E-4A,0056,0.1637,0.1799,0.2
hultech-S-E-4A,0057,0.3674,0.3952,0.4375
hultech-S-E-4A,0058,0.4659,0.5406,0.6364
hultech-S-E-4A,0059,0.3406,0.3378,0.3529
hultech-S-E-4A,0060,0.378,0.3759,0.4
hultech-S-E-4A,0061,0.3865,0.4552,0.5455
hultech-S-E-4A,0062,0.4707,0.6546,0.8571
hultech-S-E-4A,0063,0.5268,0.5024,0.5
hultech-S-E-4A,0064,0.4092,0.6416,0.8889
hultech-S-E-4A,0065,0.461,0.3167,0.2
hultech-S-E-4A,0066,0.329,0.2844,0.2632
hultech-S-E-4A,0067,0.0,0.0,0.0
hultech-S-E-4A,0068,0.5087,0.5993,0.7143
hultech-S-E-4A,0069,0.2609,0.3136,0.3636
hultech-S-E-4A,0070,0.353,0.6798,1.0
hultech-S-E-4A,0071,0.4287,0.4295,0.4545
hultech-S-E-4A,0072,0.3339,0.4437,0.5556
hultech-S-E-4A,0073,0.3898,0.418,0.4667
hultech-S-E-4A,0074,0.3772,0.2986,0.25
hultech-S-E-4A,0075,0.484,0.3826,0.3077
hultech-S-E-4A,0076,0.1943,0.2545,0.3333
hultech-S-E-4A,0077,0.2646,0.358,0.4667
hultech-S-E-4A,0078,0.3817,0.6058,0.8571
hultech-S-E-4A,0079,0.3243,0.3522,0.4
hultech-S-E-4A,0080,0.3523,0.5092,0.6923
hultech-S-E-4A,0081,0.3009,0.337,0.375
hultech-S-E-4A,0082,0.33,0.4998,0.6923
hultech-S-E-4A,0083,0.3103,0.4102,0.5294
KLE-S-E-4A,0051,0.4966,0.4929,0.4762
KLE-S-E-4A,0052,0.519,0.5896,0.6429
KLE-S-E-4A,0053,0.7281,0.7585,0.8
KLE-S-E-4A,0054,0.688,0.722,0.7647
KLE-S-E-4A,0055,0.7351,0.6689,0.6111
KLE-S-E-4A,0056,0.2894,0.2699,0.25
KLE-S-E-4A,0057,0.5762,0.6573,0.75
KLE-S-E-4A,0058,0.8252,0.9179,1.0
KLE-S-E-4A,0059,0.5809,0.7029,0.8235
KLE-S-E-4A,0060,0.8646,0.9325,1.0
KLE-S-E-4A,0061,0.8609,0.7051,0.5455
KLE-S-E-4A,0062,0.8691,0.866,0.8571
KLE-S-E-4A,0063,0.8433,0.62,0.4
KLE-S-E-4A,0064,0.8027,0.9046,1.0
KLE-S-E-4A,0065,0.8657,0.6989,0.5333
KLE-S-E-4A,0066,0.5763,0.6407,0.6842
KLE-S-E-4A,0067,0.9657,0.7333,0.5
KLE-S-E-4A,0068,0.9266,0.8923,0.8571
KLE-S-E-4A,0069,0.7322,0.7707,0.8182
KLE-S-E-4A,0070,0.9593,0.9807,1.0
KLE-S-E-4A,0071,0.8666,0.7977,0.7273
KLE-S-E-4A,0072,0.8333,0.915,1.0
KLE-S-E-4A,0073,0.7302,0.768,0.8
KLE-S-E-4A,0074,0.8481,0.6706,0.5
KLE-S-E-4A,0075,0.8622,0.7352,0.6154
KLE-S-E-4A,0076,0.5742,0.5332,0.5
KLE-S-E-4A,0077,0.53,0.5633,0.6
KLE-S-E-4A,0078,0.8873,0.9435,1.0
KLE-S-E-4A,0079,0.8351,0.7154,0.6
KLE-S-E-4A,0080,0.7913,0.8228,0.8462
KLE-S-E-4A,0081,0.4873,0.5324,0.5625
KLE-S-E-4A,0082,0.7231,0.7861,0.8462
KLE-S-E-4A,0083,0.637,0.7608,0.8824
